CaseID,trace,length
1-109135791,"<BOS>, Queued, Accepted, Accepted, Accepted, Completed, <EOS>",5
1-147898401,"<BOS>, Accepted, Accepted, Accepted, Accepted, Accepted, Completed, <EOS>",6
1-165554831,"<BOS>, Accepted, Accepted, Accepted, Accepted, Completed, <EOS>",5
1-172473423,"<BOS>, Accepted, Accepted, Accepted, Accepted, Completed, <EOS>",5
1-182640781,"<BOS>, Accepted, Accepted, Queued, Accepted, Accepted, Accepted, Completed, <EOS>",7
1-230541365,"<BOS>, Accepted, Accepted, Accepted, Accepted, Accepted, Accepted, Completed, <EOS>",7
1-236817141,"<BOS>, Accepted, Accepted, Queued, Accepted, Accepted, Accepted, Completed, <EOS>",7
1-270399977,"<BOS>, Accepted, Accepted, Accepted, Queued, Accepted, Queued, Accepted, Completed, <EOS>",8
1-270427461,"<BOS>, Accepted, Accepted, Accepted, Accepted, Completed, <EOS>",5
1-310231291,"<BOS>, Accepted, Accepted, Completed, <EOS>",3
1-316086072,"<BOS>, Accepted, Queued, Accepted, Queued, Accepted, Accepted, Queued, Accepted, Completed, <EOS>",9
1-320604521,"<BOS>, Accepted, Unmatched, Completed, <EOS>",3
1-322204195,"<BOS>, Queued, Accepted, Accepted, Queued, Queued, Accepted, Accepted, Accepted, Accepted, Completed, <EOS>",10
1-322581861,"<BOS>, Accepted, Unmatched, Completed, <EOS>",3
1-322980802,"<BOS>, Accepted, Completed, <EOS>",2
1-323264491,"<BOS>, Accepted, Accepted, Completed, <EOS>",3
1-323462732,"<BOS>, Accepted, Accepted, Accepted, Accepted, Accepted, Accepted, Accepted, Accepted, Completed, <EOS>",9
1-327329880,"<BOS>, Accepted, Accepted, Accepted, Accepted, Completed, <EOS>",5
1-329451027,"<BOS>, Accepted, Unmatched, Queued, Accepted, Accepted, Accepted, Accepted, Accepted, Accepted, Completed, <EOS>",10
1-329647261,"<BOS>, Accepted, Accepted, Queued, Accepted, Accepted, Accepted, Accepted, Accepted, Completed, <EOS>",9
1-330634474,"<BOS>, Accepted, Accepted, Queued, Accepted, Accepted, Completed, <EOS>",6
1-331478885,"<BOS>, Accepted, Accepted, Accepted, Accepted, Accepted, Accepted, Completed, <EOS>",7
1-332389008,"<BOS>, Queued, Accepted, Accepted, Accepted, Accepted, Completed, <EOS>",6
1-333164156,"<BOS>, Accepted, Accepted, Queued, Accepted, Accepted, Accepted, Accepted, Queued, Accepted, Queued, Accepted, Accepted, Completed, <EOS>",13
1-335260940,"<BOS>, Accepted, Queued, Accepted, Unmatched, Completed, <EOS>",5
1-337229341,"<BOS>, Unmatched, Accepted, Accepted, Completed, <EOS>",4
1-338946805,"<BOS>, Accepted, Accepted, Completed, <EOS>",3
1-339798202,"<BOS>, Accepted, Accepted, Completed, <EOS>",3
1-339889001,"<BOS>, Accepted, Accepted, Completed, <EOS>",3
1-340984229,"<BOS>, Accepted, Unmatched, Completed, <EOS>",3
1-341002175,"<BOS>, Accepted, Accepted, Completed, <EOS>",3
1-342442140,"<BOS>, Accepted, Completed, <EOS>",2
1-345132462,"<BOS>, Accepted, Accepted, Accepted, Accepted, Accepted, Accepted, Completed, <EOS>",7
1-345255471,"<BOS>, Accepted, Queued, Queued, Accepted, Completed, <EOS>",5
1-347461373,"<BOS>, Accepted, Accepted, Completed, <EOS>",3
1-347923966,"<BOS>, Accepted, Accepted, Accepted, Accepted, Accepted, Completed, <EOS>",6
1-347924629,"<BOS>, Accepted, Accepted, Accepted, Completed, <EOS>",4
1-349857482,"<BOS>, Accepted, Completed, <EOS>",2
1-351187625,"<BOS>, Accepted, Accepted, Completed, <EOS>",3
1-351314317,"<BOS>, Accepted, Queued, Accepted, Accepted, Accepted, Completed, <EOS>",6
1-351869391,"<BOS>, Accepted, Accepted, Completed, <EOS>",3
1-353818791,"<BOS>, Queued, Accepted, Queued, Accepted, Completed, <EOS>",5
1-354039443,"<BOS>, Accepted, Accepted, Accepted, Accepted, Completed, <EOS>",5
1-354090772,"<BOS>, Accepted, Accepted, Accepted, Queued, Accepted, Accepted, Accepted, Accepted, Accepted, Accepted, Completed, <EOS>",11
1-354350908,"<BOS>, Accepted, Accepted, Accepted, Completed, <EOS>",4
1-354376900,"<BOS>, Accepted, Accepted, Accepted, Completed, <EOS>",4
1-356055231,"<BOS>, Accepted, Accepted, Queued, Accepted, Accepted, Accepted, Accepted, Completed, <EOS>",8
1-356879617,"<BOS>, Accepted, Queued, Accepted, Accepted, Accepted, Accepted, Accepted, Accepted, Accepted, Completed, <EOS>",10
1-357087417,"<BOS>, Accepted, Queued, Accepted, Accepted, Accepted, Completed, <EOS>",6
1-357610411,"<BOS>, Accepted, Accepted, Completed, <EOS>",3
1-358038911,"<BOS>, Accepted, Unmatched, Accepted, Accepted, Accepted, Completed, <EOS>",6
1-358776870,"<BOS>, Accepted, Accepted, Completed, <EOS>",3
1-359215498,"<BOS>, Accepted, Accepted, Accepted, Accepted, Completed, <EOS>",5
1-359781492,"<BOS>, Accepted, Completed, <EOS>",2
1-359841262,"<BOS>, Accepted, Accepted, Queued, Accepted, Queued, Accepted, Accepted, Accepted, Accepted, Completed, <EOS>",10
1-360072755,"<BOS>, Accepted, Queued, Accepted, Accepted, Accepted, Accepted, Completed, <EOS>",7
1-360464815,"<BOS>, Accepted, Accepted, Accepted, Completed, <EOS>",4
1-360667704,"<BOS>, Accepted, Accepted, Completed, <EOS>",3
1-361368011,"<BOS>, Accepted, Accepted, Completed, <EOS>",3
1-363041157,"<BOS>, Accepted, Completed, <EOS>",2
1-363206822,"<BOS>, Accepted, Accepted, Queued, Accepted, Accepted, Completed, <EOS>",6
1-363549934,"<BOS>, Accepted, Queued, Accepted, Accepted, Accepted, Completed, <EOS>",6
1-364018090,"<BOS>, Accepted, Accepted, Queued, Accepted, Accepted, Accepted, Completed, <EOS>",7
1-364458525,"<BOS>, Accepted, Accepted, Accepted, Completed, <EOS>",4
1-364528467,"<BOS>, Accepted, Accepted, Queued, Accepted, Accepted, Accepted, Completed, <EOS>",7
1-365052802,"<BOS>, Accepted, Accepted, Queued, Accepted, Unmatched, Completed, <EOS>",6
1-365189372,"<BOS>, Accepted, Unmatched, Accepted, Completed, <EOS>",4
1-365702595,"<BOS>, Accepted, Queued, Accepted, Accepted, Accepted, Completed, <EOS>",6
1-366462246,"<BOS>, Accepted, Accepted, Completed, <EOS>",3
1-366509892,"<BOS>, Accepted, Queued, Accepted, Accepted, Accepted, Completed, <EOS>",6
1-366584206,"<BOS>, Accepted, Queued, Accepted, Accepted, Accepted, Completed, <EOS>",6
1-366698569,"<BOS>, Accepted, Accepted, Accepted, Accepted, Accepted, Accepted, Accepted, Accepted, Accepted, Completed, <EOS>",10
1-366726662,"<BOS>, Accepted, Accepted, Accepted, Accepted, Accepted, Accepted, Completed, <EOS>",7
1-366923538,"<BOS>, Accepted, Queued, Accepted, Queued, Accepted, Accepted, Accepted, Completed, <EOS>",8
1-367002597,"<BOS>, Accepted, Accepted, Accepted, Completed, <EOS>",4
1-367648732,"<BOS>, Accepted, Queued, Accepted, Accepted, Accepted, Completed, <EOS>",6
1-367921041,"<BOS>, Accepted, Queued, Accepted, Queued, Queued, Accepted, Accepted, Accepted, Accepted, Accepted, Accepted, Completed, <EOS>",12
1-368322765,"<BOS>, Accepted, Queued, Accepted, Accepted, Queued, Accepted, Accepted, Accepted, Queued, Accepted, Accepted, Accepted, Completed, <EOS>",13
1-368929048,"<BOS>, Accepted, Queued, Accepted, Accepted, Accepted, Completed, <EOS>",6
1-369693874,"<BOS>, Accepted, Queued, Accepted, Accepted, Accepted, Completed, <EOS>",6
1-369989135,"<BOS>, Accepted, Accepted, Accepted, Accepted, Accepted, Completed, <EOS>",6
1-370436092,"<BOS>, Accepted, Queued, Accepted, Accepted, Accepted, Accepted, Completed, <EOS>",7
1-370452680,"<BOS>, Accepted, Queued, Accepted, Accepted, Queued, Accepted, Accepted, Completed, <EOS>",8
1-371498622,"<BOS>, Accepted, Queued, Accepted, Accepted, Accepted, Completed, <EOS>",6
1-371631962,"<BOS>, Accepted, Completed, <EOS>",2
1-371672096,"<BOS>, Accepted, Queued, Accepted, Accepted, Accepted, Completed, <EOS>",6
1-372029512,"<BOS>, Accepted, Unmatched, Queued, Accepted, Accepted, Accepted, Accepted, Completed, <EOS>",8
1-372555278,"<BOS>, Accepted, Queued, Accepted, Accepted, Accepted, Accepted, Queued, Accepted, Accepted, Accepted, Completed, <EOS>",11
1-372579132,"<BOS>, Accepted, Queued, Accepted, Accepted, Accepted, Completed, <EOS>",6
1-372858362,"<BOS>, Accepted, Queued, Accepted, Accepted, Accepted, Completed, <EOS>",6
1-372978779,"<BOS>, Accepted, Accepted, Accepted, Queued, Accepted, Accepted, Accepted, Completed, <EOS>",8
1-373110819,"<BOS>, Accepted, Queued, Accepted, Accepted, Accepted, Completed, <EOS>",6
1-373268674,"<BOS>, Accepted, Queued, Accepted, Accepted, Accepted, Completed, <EOS>",6
1-373413519,"<BOS>, Accepted, Queued, Accepted, Accepted, Accepted, Completed, <EOS>",6
1-373413971,"<BOS>, Accepted, Queued, Accepted, Accepted, Accepted, Completed, <EOS>",6
1-374379174,"<BOS>, Accepted, Queued, Accepted, Accepted, Accepted, Completed, <EOS>",6
1-374630866,"<BOS>, Accepted, Queued, Accepted, Accepted, Accepted, Completed, <EOS>",6
1-374832944,"<BOS>, Queued, Accepted, Queued, Queued, Accepted, Accepted, Accepted, Completed, <EOS>",8
1-375337251,"<BOS>, Accepted, Queued, Accepted, Accepted, Accepted, Completed, <EOS>",6
1-375430388,"<BOS>, Accepted, Queued, Accepted, Accepted, Accepted, Completed, <EOS>",6
1-375644051,"<BOS>, Accepted, Accepted, Accepted, Queued, Accepted, Queued, Accepted, Completed, <EOS>",8
1-375646314,"<BOS>, Accepted, Queued, Accepted, Accepted, Accepted, Completed, <EOS>",6
1-375670011,"<BOS>, Accepted, Completed, <EOS>",2
1-376424233,"<BOS>, Accepted, Accepted, Completed, <EOS>",3
1-377083756,"<BOS>, Accepted, Queued, Accepted, Accepted, Accepted, Accepted, Accepted, Queued, Accepted, Accepted, Accepted, Accepted, Completed, <EOS>",13
1-377276064,"<BOS>, Accepted, Queued, Accepted, Accepted, Accepted, Completed, <EOS>",6
1-377458451,"<BOS>, Accepted, Queued, Accepted, Accepted, Accepted, Completed, <EOS>",6
1-378050311,"<BOS>, Queued, Accepted, Accepted, Accepted, Accepted, Accepted, Queued, Accepted, Queued, Accepted, Completed, Accepted, Completed, Accepted, Queued, Accepted, Completed, <EOS>",17
1-378054711,"<BOS>, Accepted, Queued, Accepted, Accepted, Accepted, Completed, <EOS>",6
1-378744625,"<BOS>, Accepted, Queued, Accepted, Queued, Accepted, Accepted, Accepted, Completed, <EOS>",8
1-378976624,"<BOS>, Accepted, Queued, Accepted, Accepted, Queued, Accepted, Accepted, Queued, Accepted, Completed, <EOS>",10
1-379209685,"<BOS>, Accepted, Accepted, Completed, <EOS>",3
1-379702919,"<BOS>, Accepted, Queued, Accepted, Accepted, Completed, <EOS>",5
1-379789104,"<BOS>, Accepted, Accepted, Accepted, Accepted, Accepted, Accepted, Accepted, Completed, <EOS>",8
1-380297615,"<BOS>, Accepted, Accepted, Accepted, Accepted, Completed, <EOS>",5
1-380392616,"<BOS>, Accepted, Queued, Accepted, Accepted, Accepted, Accepted, Accepted, Queued, Accepted, Accepted, Accepted, Completed, <EOS>",12
1-380527184,"<BOS>, Accepted, Queued, Accepted, Accepted, Accepted, Accepted, Accepted, Queued, Accepted, Accepted, Accepted, Completed, <EOS>",12
1-380632889,"<BOS>, Accepted, Queued, Accepted, Accepted, Accepted, Accepted, Accepted, Completed, <EOS>",8
1-380654568,"<BOS>, Accepted, Queued, Accepted, Accepted, Accepted, Completed, <EOS>",6
1-380885044,"<BOS>, Accepted, Accepted, Accepted, Completed, Accepted, Accepted, Completed, <EOS>",7
1-381124870,"<BOS>, Accepted, Accepted, Accepted, Accepted, Completed, <EOS>",5
1-382209384,"<BOS>, Accepted, Accepted, Accepted, Accepted, Completed, <EOS>",5
1-382442048,"<BOS>, Accepted, Queued, Accepted, Accepted, Accepted, Accepted, Completed, <EOS>",7
1-383789251,"<BOS>, Accepted, Completed, <EOS>",2
1-384097130,"<BOS>, Accepted, Accepted, Queued, Queued, Accepted, Accepted, Accepted, Accepted, Accepted, Accepted, Accepted, Accepted, Accepted, Accepted, Accepted, Accepted, Completed, <EOS>",17
1-384757914,"<BOS>, Accepted, Queued, Accepted, Accepted, Accepted, Completed, Accepted, Queued, Accepted, Queued, Accepted, Accepted, Accepted, Completed, <EOS>",14
1-385201933,"<BOS>, Accepted, Queued, Accepted, Accepted, Accepted, Accepted, Completed, <EOS>",7
1-385278464,"<BOS>, Accepted, Completed, <EOS>",2
1-385311756,"<BOS>, Accepted, Queued, Accepted, Accepted, Accepted, Completed, <EOS>",6
1-386495623,"<BOS>, Accepted, Accepted, Completed, <EOS>",3
1-386782865,"<BOS>, Accepted, Queued, Accepted, Accepted, Accepted, Accepted, Completed, <EOS>",7
1-388028918,"<BOS>, Accepted, Queued, Accepted, Accepted, Queued, Accepted, Accepted, Queued, Accepted, Accepted, Accepted, Completed, <EOS>",12
1-388230583,"<BOS>, Accepted, Queued, Accepted, Accepted, Queued, Accepted, Queued, Accepted, Accepted, Accepted, Completed, <EOS>",11
1-388644366,"<BOS>, Accepted, Queued, Accepted, Accepted, Accepted, Completed, <EOS>",6
1-388724672,"<BOS>, Accepted, Queued, Accepted, Accepted, Accepted, Completed, <EOS>",6
1-389195082,"<BOS>, Accepted, Queued, Accepted, Accepted, Accepted, Accepted, Accepted, Accepted, Accepted, Queued, Accepted, Accepted, Accepted, Completed, <EOS>",14
1-390250582,"<BOS>, Accepted, Queued, Accepted, Accepted, Accepted, Accepted, Accepted, Accepted, Accepted, Accepted, Accepted, Accepted, Completed, <EOS>",13
1-390722958,"<BOS>, Accepted, Accepted, Accepted, Completed, <EOS>",4
1-390819078,"<BOS>, Accepted, Queued, Accepted, Accepted, Queued, Accepted, Accepted, Queued, Accepted, Accepted, Accepted, Completed, <EOS>",12
1-392590655,"<BOS>, Accepted, Completed, <EOS>",2
1-392812598,"<BOS>, Accepted, Queued, Accepted, Accepted, Accepted, Completed, <EOS>",6
1-393413330,"<BOS>, Accepted, Queued, Accepted, Accepted, Accepted, Completed, <EOS>",6
1-396569277,"<BOS>, Accepted, Queued, Accepted, Accepted, Accepted, Completed, <EOS>",6
1-397446945,"<BOS>, Accepted, Queued, Accepted, Accepted, Accepted, Completed, <EOS>",6
1-397806545,"<BOS>, Accepted, Accepted, Accepted, Accepted, Accepted, Accepted, Completed, <EOS>",7
1-399013423,"<BOS>, Queued, Accepted, Completed, <EOS>",3
1-399628501,"<BOS>, Accepted, Accepted, Accepted, Accepted, Accepted, Accepted, Accepted, Accepted, Completed, <EOS>",9
1-400351079,"<BOS>, Accepted, Accepted, Completed, <EOS>",3
1-400528782,"<BOS>, Accepted, Completed, Accepted, Accepted, Completed, <EOS>",5
1-402212071,"<BOS>, Accepted, Accepted, Completed, <EOS>",3
1-402328919,"<BOS>, Accepted, Completed, <EOS>",2
1-402612770,"<BOS>, Accepted, Queued, Accepted, Accepted, Accepted, Accepted, Accepted, Accepted, Accepted, Completed, <EOS>",10
1-403006315,"<BOS>, Accepted, Queued, Accepted, Accepted, Accepted, Accepted, Accepted, Queued, Accepted, Accepted, Accepted, Completed, <EOS>",12
1-404005175,"<BOS>, Accepted, Accepted, Completed, <EOS>",3
1-404084309,"<BOS>, Accepted, Accepted, Accepted, Completed, <EOS>",4
1-404736991,"<BOS>, Accepted, Queued, Accepted, Queued, Accepted, Queued, Accepted, Queued, Accepted, Accepted, Accepted, Accepted, Accepted, Accepted, Completed, <EOS>",15
1-405112616,"<BOS>, Accepted, Accepted, Accepted, Accepted, Accepted, Completed, <EOS>",6
1-405248961,"<BOS>, Accepted, Queued, Accepted, Accepted, Accepted, Accepted, Accepted, Accepted, Completed, <EOS>",9
1-406010922,"<BOS>, Accepted, Accepted, Accepted, Accepted, Queued, Accepted, Accepted, Completed, <EOS>",8
1-406066421,"<BOS>, Accepted, Queued, Accepted, Accepted, Accepted, Accepted, Accepted, Accepted, Completed, <EOS>",9
1-406852699,"<BOS>, Accepted, Accepted, Completed, <EOS>",3
1-406875315,"<BOS>, Accepted, Accepted, Queued, Accepted, Accepted, Completed, <EOS>",6
1-407517548,"<BOS>, Accepted, Accepted, Completed, <EOS>",3
1-407737529,"<BOS>, Accepted, Queued, Accepted, Accepted, Accepted, Accepted, Completed, <EOS>",7
1-407876996,"<BOS>, Accepted, Queued, Accepted, Completed, <EOS>",4
1-408853759,"<BOS>, Accepted, Queued, Accepted, Accepted, Accepted, Completed, <EOS>",6
1-409247778,"<BOS>, Accepted, Queued, Accepted, Accepted, Accepted, Completed, <EOS>",6
1-409309026,"<BOS>, Accepted, Accepted, Completed, <EOS>",3
1-410929705,"<BOS>, Accepted, Queued, Accepted, Accepted, Accepted, Completed, <EOS>",6
1-411078092,"<BOS>, Accepted, Queued, Accepted, Accepted, Accepted, Completed, <EOS>",6
1-413205820,"<BOS>, Accepted, Accepted, Queued, Accepted, Accepted, Completed, <EOS>",6
1-413276708,"<BOS>, Accepted, Accepted, Completed, <EOS>",3
1-413665008,"<BOS>, Accepted, Completed, <EOS>",2
1-415000020,"<BOS>, Accepted, Queued, Accepted, Queued, Accepted, Accepted, Accepted, Completed, <EOS>",8
1-415822336,"<BOS>, Accepted, Accepted, Queued, Accepted, Accepted, Queued, Accepted, Accepted, Queued, Accepted, Accepted, Accepted, Completed, <EOS>",13
1-415946366,"<BOS>, Accepted, Accepted, Accepted, Completed, <EOS>",4
1-416247009,"<BOS>, Accepted, Accepted, Accepted, Completed, <EOS>",4
1-417868043,"<BOS>, Accepted, Queued, Accepted, Accepted, Accepted, Accepted, Queued, Accepted, Accepted, Accepted, Queued, Accepted, Queued, Accepted, Accepted, Accepted, Accepted, Completed, <EOS>",18
1-418122119,"<BOS>, Accepted, Queued, Accepted, Accepted, Accepted, Completed, <EOS>",6
1-418890453,"<BOS>, Accepted, Completed, Accepted, Accepted, Completed, <EOS>",5
1-419236954,"<BOS>, Accepted, Queued, Accepted, Accepted, Accepted, Accepted, Accepted, Accepted, Completed, <EOS>",9
1-419614582,"<BOS>, Accepted, Accepted, Completed, <EOS>",3
1-419783741,"<BOS>, Accepted, Accepted, Completed, <EOS>",3
1-419783822,"<BOS>, Accepted, Accepted, Completed, <EOS>",3
1-422390390,"<BOS>, Accepted, Accepted, Completed, <EOS>",3
1-422418092,"<BOS>, Accepted, Queued, Accepted, Accepted, Accepted, Accepted, Accepted, Completed, <EOS>",8
1-422877530,"<BOS>, Accepted, Queued, Accepted, Accepted, Accepted, Completed, <EOS>",6
1-423484126,"<BOS>, Accepted, Completed, <EOS>",2
1-423648343,"<BOS>, Accepted, Queued, Accepted, Accepted, Accepted, Completed, <EOS>",6
1-423724447,"<BOS>, Accepted, Completed, <EOS>",2
1-423751353,"<BOS>, Accepted, Queued, Accepted, Accepted, Queued, Accepted, Accepted, Queued, Accepted, Accepted, Queued, Accepted, Accepted, Accepted, Accepted, Accepted, Accepted, Queued, Accepted, Accepted, Accepted, Completed, <EOS>",22
1-424022692,"<BOS>, Accepted, Queued, Accepted, Accepted, Accepted, Completed, <EOS>",6
1-424065923,"<BOS>, Accepted, Queued, Accepted, Accepted, Accepted, Completed, <EOS>",6
1-424243405,"<BOS>, Accepted, Accepted, Completed, <EOS>",3
1-424668301,"<BOS>, Accepted, Queued, Accepted, Accepted, Accepted, Completed, <EOS>",6
1-426876102,"<BOS>, Accepted, Queued, Accepted, Accepted, Accepted, Completed, <EOS>",6
1-426969419,"<BOS>, Accepted, Queued, Accepted, Accepted, Accepted, Completed, <EOS>",6
1-427498853,"<BOS>, Accepted, Queued, Accepted, Accepted, Accepted, Accepted, Completed, <EOS>",7
1-427614010,"<BOS>, Accepted, Completed, <EOS>",2
1-427955007,"<BOS>, Accepted, Accepted, Accepted, Accepted, Completed, <EOS>",5
1-428252132,"<BOS>, Accepted, Queued, Accepted, Accepted, Completed, <EOS>",5
1-428421057,"<BOS>, Accepted, Queued, Accepted, Accepted, Accepted, Completed, <EOS>",6
1-429498598,"<BOS>, Accepted, Accepted, Accepted, Accepted, Completed, <EOS>",5
1-429979181,"<BOS>, Accepted, Queued, Accepted, Accepted, Queued, Accepted, Accepted, Accepted, Accepted, Accepted, Queued, Accepted, Accepted, Accepted, Completed, <EOS>",15
1-430150814,"<BOS>, Accepted, Accepted, Accepted, Accepted, Accepted, Accepted, Accepted, Completed, <EOS>",8
1-430793848,"<BOS>, Accepted, Completed, <EOS>",2
1-430836105,"<BOS>, Accepted, Accepted, Completed, <EOS>",3
1-430880486,"<BOS>, Accepted, Accepted, Completed, <EOS>",3
1-431797119,"<BOS>, Accepted, Queued, Accepted, Accepted, Accepted, Completed, <EOS>",6
1-432419251,"<BOS>, Accepted, Queued, Accepted, Accepted, Accepted, Accepted, Completed, <EOS>",7
1-432687815,"<BOS>, Accepted, Accepted, Accepted, Completed, <EOS>",4
1-433161361,"<BOS>, Accepted, Queued, Accepted, Accepted, Accepted, Completed, <EOS>",6
1-433309965,"<BOS>, Accepted, Queued, Queued, Accepted, Accepted, Queued, Accepted, Accepted, Accepted, Accepted, Queued, Accepted, Accepted, Accepted, Completed, <EOS>",15
1-433710534,"<BOS>, Queued, Queued, Accepted, Queued, Accepted, Completed, <EOS>",6
1-433910332,"<BOS>, Accepted, Accepted, Accepted, Accepted, Accepted, Accepted, Accepted, Accepted, Accepted, Accepted, Completed, <EOS>",11
1-434419581,"<BOS>, Accepted, Queued, Accepted, Accepted, Accepted, Completed, <EOS>",6
1-434892089,"<BOS>, Accepted, Accepted, Accepted, Accepted, Accepted, Completed, <EOS>",6
1-435824991,"<BOS>, Accepted, Queued, Accepted, Accepted, Accepted, Completed, <EOS>",6
1-435825107,"<BOS>, Accepted, Queued, Accepted, Accepted, Accepted, Completed, <EOS>",6
1-437141508,"<BOS>, Accepted, Completed, <EOS>",2
1-438526021,"<BOS>, Accepted, Accepted, Completed, <EOS>",3
1-438897551,"<BOS>, Accepted, Completed, <EOS>",2
1-439833168,"<BOS>, Accepted, Accepted, Completed, <EOS>",3
1-439863114,"<BOS>, Accepted, Accepted, Completed, <EOS>",3
1-440576028,"<BOS>, Accepted, Completed, <EOS>",2
1-441507371,"<BOS>, Accepted, Queued, Accepted, Completed, <EOS>",4
1-442885842,"<BOS>, Accepted, Queued, Accepted, Accepted, Queued, Accepted, Completed, <EOS>",7
1-443175071,"<BOS>, Accepted, Accepted, Completed, <EOS>",3
1-443637654,"<BOS>, Accepted, Queued, Accepted, Accepted, Accepted, Completed, <EOS>",6
1-448698916,"<BOS>, Accepted, Accepted, Completed, <EOS>",3
1-454389870,"<BOS>, Accepted, Accepted, Accepted, Completed, Accepted, Accepted, Accepted, Accepted, Completed, <EOS>",9
1-457173714,"<BOS>, Accepted, Accepted, Completed, <EOS>",3
1-467257506,"<BOS>, Accepted, Accepted, Queued, Accepted, Accepted, Accepted, Completed, <EOS>",7
1-470328307,"<BOS>, Accepted, Queued, Accepted, Accepted, Accepted, Completed, <EOS>",6
1-470714850,"<BOS>, Accepted, Queued, Accepted, Accepted, Accepted, Completed, <EOS>",6
1-473084325,"<BOS>, Accepted, Queued, Queued, Accepted, Accepted, Accepted, Queued, Accepted, Queued, Queued, Accepted, Accepted, Queued, Accepted, Accepted, Completed, <EOS>",16
1-475885658,"<BOS>, Accepted, Accepted, Accepted, Completed, Accepted, Queued, Accepted, Accepted, Queued, Queued, Accepted, Queued, Accepted, Queued, Accepted, Accepted, Queued, Accepted, Queued, Accepted, Completed, Accepted, Queued, Accepted, Queued, Accepted, Accepted, Accepted, Completed, <EOS>",29
1-479002951,"<BOS>, Accepted, Accepted, Completed, <EOS>",3
1-489198755,"<BOS>, Accepted, Accepted, Completed, <EOS>",3
1-494629702,"<BOS>, Accepted, Accepted, Completed, <EOS>",3
1-494871141,"<BOS>, Accepted, Queued, Accepted, Accepted, Completed, <EOS>",5
1-495101458,"<BOS>, Accepted, Accepted, Completed, <EOS>",3
1-497807633,"<BOS>, Accepted, Queued, Accepted, Accepted, Accepted, Completed, <EOS>",6
1-498002861,"<BOS>, Accepted, Accepted, Completed, <EOS>",3
1-498324124,"<BOS>, Accepted, Accepted, Accepted, Accepted, Accepted, Accepted, Accepted, Accepted, Completed, <EOS>",9
1-499289128,"<BOS>, Accepted, Queued, Accepted, Accepted, Accepted, Completed, <EOS>",6
1-499289256,"<BOS>, Accepted, Queued, Accepted, Accepted, Accepted, Completed, <EOS>",6
1-499540955,"<BOS>, Accepted, Queued, Accepted, Accepted, Queued, Accepted, Accepted, Accepted, Queued, Accepted, Completed, <EOS>",11
1-500208339,"<BOS>, Accepted, Queued, Accepted, Accepted, Accepted, Completed, <EOS>",6
1-500427383,"<BOS>, Accepted, Accepted, Completed, <EOS>",3
1-501925116,"<BOS>, Accepted, Queued, Accepted, Accepted, Accepted, Queued, Accepted, Accepted, Queued, Accepted, Accepted, Accepted, Completed, <EOS>",13
1-501969547,"<BOS>, Accepted, Completed, <EOS>",2
1-502353485,"<BOS>, Accepted, Accepted, Completed, <EOS>",3
1-502697671,"<BOS>, Accepted, Accepted, Accepted, Completed, <EOS>",4
1-502769178,"<BOS>, Accepted, Accepted, Accepted, Queued, Accepted, Accepted, Completed, <EOS>",7
1-504048859,"<BOS>, Accepted, Accepted, Accepted, Completed, <EOS>",4
1-504498907,"<BOS>, Accepted, Completed, <EOS>",2
1-505194002,"<BOS>, Accepted, Completed, <EOS>",2
1-505194015,"<BOS>, Accepted, Completed, <EOS>",2
1-505416663,"<BOS>, Accepted, Queued, Accepted, Accepted, Accepted, Completed, <EOS>",6
1-505443989,"<BOS>, Accepted, Queued, Accepted, Accepted, Accepted, Completed, <EOS>",6
1-506092586,"<BOS>, Accepted, Completed, <EOS>",2
1-506108491,"<BOS>, Accepted, Accepted, Accepted, Completed, <EOS>",4
1-506236591,"<BOS>, Accepted, Queued, Accepted, Accepted, Accepted, Completed, <EOS>",6
1-506866218,"<BOS>, Accepted, Accepted, Completed, <EOS>",3
1-507679771,"<BOS>, Accepted, Completed, <EOS>",2
1-507774379,"<BOS>, Accepted, Queued, Accepted, Accepted, Accepted, Completed, <EOS>",6
1-508044897,"<BOS>, Accepted, Queued, Queued, Accepted, Accepted, Queued, Accepted, Completed, <EOS>",8
1-508462323,"<BOS>, Accepted, Completed, <EOS>",2
1-508825032,"<BOS>, Accepted, Completed, <EOS>",2
1-509892697,"<BOS>, Accepted, Accepted, Completed, <EOS>",3
1-509912273,"<BOS>, Accepted, Queued, Accepted, Accepted, Accepted, Completed, <EOS>",6
1-509915742,"<BOS>, Accepted, Completed, <EOS>",2
1-510142147,"<BOS>, Accepted, Accepted, Accepted, Accepted, Accepted, Completed, <EOS>",6
1-510399424,"<BOS>, Accepted, Completed, <EOS>",2
1-510423612,"<BOS>, Accepted, Accepted, Completed, <EOS>",3
1-511755003,"<BOS>, Accepted, Accepted, Accepted, Completed, <EOS>",4
1-511787661,"<BOS>, Accepted, Queued, Accepted, Accepted, Accepted, Completed, <EOS>",6
1-512617571,"<BOS>, Accepted, Accepted, Accepted, Accepted, Accepted, Completed, <EOS>",6
1-512654811,"<BOS>, Accepted, Queued, Accepted, Completed, <EOS>",4
1-513031774,"<BOS>, Accepted, Completed, <EOS>",2
1-513032417,"<BOS>, Accepted, Queued, Accepted, Accepted, Accepted, Completed, <EOS>",6
1-513135755,"<BOS>, Accepted, Queued, Accepted, Accepted, Accepted, Completed, <EOS>",6
1-513180623,"<BOS>, Accepted, Queued, Accepted, Accepted, Accepted, Completed, <EOS>",6
1-513395204,"<BOS>, Accepted, Accepted, Completed, <EOS>",3
1-513767190,"<BOS>, Accepted, Accepted, Completed, <EOS>",3
1-513864515,"<BOS>, Accepted, Accepted, Accepted, Completed, <EOS>",4
1-513910403,"<BOS>, Accepted, Accepted, Completed, <EOS>",3
1-514223574,"<BOS>, Accepted, Accepted, Completed, <EOS>",3
1-514311011,"<BOS>, Accepted, Accepted, Completed, <EOS>",3
1-514618724,"<BOS>, Accepted, Accepted, Accepted, Completed, <EOS>",4
1-514712116,"<BOS>, Accepted, Accepted, Completed, <EOS>",3
1-514832700,"<BOS>, Accepted, Accepted, Accepted, Completed, <EOS>",4
1-515461174,"<BOS>, Accepted, Accepted, Accepted, Completed, <EOS>",4
1-515617964,"<BOS>, Accepted, Queued, Accepted, Completed, <EOS>",4
1-515834995,"<BOS>, Accepted, Accepted, Accepted, Accepted, Accepted, Accepted, Accepted, Accepted, Accepted, Accepted, Completed, <EOS>",11
1-515873671,"<BOS>, Accepted, Queued, Accepted, Queued, Accepted, Completed, <EOS>",6
1-516141293,"<BOS>, Accepted, Queued, Queued, Queued, Accepted, Accepted, Accepted, Queued, Accepted, Accepted, Accepted, Accepted, Accepted, Completed, <EOS>",14
1-516860557,"<BOS>, Accepted, Accepted, Completed, <EOS>",3
1-517002080,"<BOS>, Accepted, Queued, Accepted, Accepted, Accepted, Completed, <EOS>",6
1-517045062,"<BOS>, Accepted, Queued, Accepted, Accepted, Accepted, Completed, <EOS>",6
1-517399487,"<BOS>, Accepted, Queued, Accepted, Accepted, Queued, Accepted, Accepted, Accepted, Queued, Accepted, Accepted, Accepted, Completed, <EOS>",13
1-517490964,"<BOS>, Accepted, Queued, Accepted, Accepted, Accepted, Completed, <EOS>",6
1-517828743,"<BOS>, Accepted, Queued, Accepted, Accepted, Accepted, Completed, <EOS>",6
1-518362551,"<BOS>, Accepted, Queued, Accepted, Accepted, Accepted, Completed, <EOS>",6
1-519020627,"<BOS>, Accepted, Completed, <EOS>",2
1-519054737,"<BOS>, Accepted, Accepted, Accepted, Accepted, Completed, <EOS>",5
1-519065883,"<BOS>, Accepted, Accepted, Queued, Accepted, Accepted, Queued, Accepted, Accepted, Completed, <EOS>",9
1-519085985,"<BOS>, Accepted, Queued, Accepted, Accepted, Queued, Accepted, Accepted, Accepted, Queued, Accepted, Accepted, Accepted, Completed, <EOS>",13
1-519147007,"<BOS>, Accepted, Queued, Accepted, Completed, <EOS>",4
1-519167681,"<BOS>, Accepted, Accepted, Queued, Accepted, Completed, Accepted, Queued, Accepted, Queued, Accepted, Completed, Accepted, Accepted, Accepted, Accepted, Accepted, Accepted, Accepted, Completed, <EOS>",19
1-519386144,"<BOS>, Accepted, Completed, <EOS>",2
1-520127960,"<BOS>, Accepted, Accepted, Completed, <EOS>",3
1-520234084,"<BOS>, Accepted, Queued, Accepted, Accepted, Accepted, Completed, <EOS>",6
1-520705880,"<BOS>, Accepted, Accepted, Completed, <EOS>",3
1-521122392,"<BOS>, Accepted, Queued, Accepted, Accepted, Accepted, Completed, <EOS>",6
1-521431857,"<BOS>, Accepted, Queued, Accepted, Accepted, Accepted, Completed, <EOS>",6
1-521555370,"<BOS>, Accepted, Completed, <EOS>",2
1-521628291,"<BOS>, Accepted, Completed, <EOS>",2
1-522222222,"<BOS>, Accepted, Completed, <EOS>",2
1-522460624,"<BOS>, Accepted, Queued, Accepted, Accepted, Accepted, Completed, <EOS>",6
1-522734472,"<BOS>, Accepted, Queued, Accepted, Accepted, Accepted, Completed, <EOS>",6
1-522949376,"<BOS>, Accepted, Queued, Accepted, Accepted, Accepted, Accepted, Completed, <EOS>",7
1-523027945,"<BOS>, Accepted, Accepted, Completed, <EOS>",3
1-523069229,"<BOS>, Accepted, Accepted, Accepted, Completed, <EOS>",4
1-523311541,"<BOS>, Accepted, Queued, Accepted, Accepted, Accepted, Completed, <EOS>",6
1-523361887,"<BOS>, Accepted, Queued, Accepted, Accepted, Accepted, Completed, <EOS>",6
1-523392191,"<BOS>, Accepted, Queued, Accepted, Accepted, Accepted, Completed, <EOS>",6
1-523637826,"<BOS>, Accepted, Completed, <EOS>",2
1-524169663,"<BOS>, Accepted, Accepted, Accepted, Queued, Queued, Accepted, Accepted, Accepted, Accepted, Completed, <EOS>",10
1-524328647,"<BOS>, Accepted, Completed, <EOS>",2
1-524356958,"<BOS>, Accepted, Accepted, Accepted, Completed, <EOS>",4
1-524375607,"<BOS>, Accepted, Accepted, Accepted, Accepted, Completed, <EOS>",5
1-525132931,"<BOS>, Accepted, Accepted, Accepted, Accepted, Completed, <EOS>",5
1-525447561,"<BOS>, Accepted, Accepted, Accepted, Accepted, Completed, <EOS>",5
1-525477138,"<BOS>, Accepted, Accepted, Completed, <EOS>",3
1-525489753,"<BOS>, Accepted, Queued, Accepted, Accepted, Accepted, Completed, <EOS>",6
1-525589021,"<BOS>, Accepted, Completed, <EOS>",2
1-526037041,"<BOS>, Accepted, Completed, <EOS>",2
1-526344555,"<BOS>, Accepted, Queued, Accepted, Accepted, Accepted, Completed, <EOS>",6
1-526369142,"<BOS>, Accepted, Accepted, Completed, <EOS>",3
1-526414477,"<BOS>, Accepted, Queued, Accepted, Accepted, Accepted, Completed, <EOS>",6
1-526414833,"<BOS>, Accepted, Queued, Accepted, Accepted, Accepted, Completed, <EOS>",6
1-526647987,"<BOS>, Accepted, Accepted, Completed, <EOS>",3
1-527208576,"<BOS>, Accepted, Accepted, Completed, <EOS>",3
1-527928641,"<BOS>, Accepted, Accepted, Completed, <EOS>",3
1-528251011,"<BOS>, Accepted, Queued, Accepted, Accepted, Completed, <EOS>",5
1-528332261,"<BOS>, Accepted, Accepted, Accepted, Accepted, Completed, <EOS>",5
1-528716762,"<BOS>, Accepted, Accepted, Accepted, Completed, <EOS>",4
1-528755863,"<BOS>, Accepted, Accepted, Completed, <EOS>",3
1-529091253,"<BOS>, Accepted, Accepted, Completed, <EOS>",3
1-529091311,"<BOS>, Accepted, Accepted, Completed, <EOS>",3
1-529471141,"<BOS>, Accepted, Queued, Accepted, Accepted, Completed, <EOS>",5
1-530147896,"<BOS>, Accepted, Queued, Accepted, Accepted, Queued, Accepted, Queued, Accepted, Accepted, Accepted, Completed, <EOS>",11
1-530539767,"<BOS>, Accepted, Queued, Accepted, Accepted, Accepted, Completed, <EOS>",6
1-530568802,"<BOS>, Accepted, Queued, Accepted, Accepted, Accepted, Queued, Accepted, Accepted, Queued, Accepted, Accepted, Accepted, Completed, <EOS>",13
1-531435394,"<BOS>, Accepted, Accepted, Completed, <EOS>",3
1-531872604,"<BOS>, Accepted, Accepted, Queued, Accepted, Accepted, Accepted, Accepted, Accepted, Completed, <EOS>",9
1-532038065,"<BOS>, Accepted, Accepted, Accepted, Completed, <EOS>",4
1-532084405,"<BOS>, Accepted, Queued, Accepted, Accepted, Accepted, Completed, <EOS>",6
1-532544114,"<BOS>, Accepted, Accepted, Completed, <EOS>",3
1-532816930,"<BOS>, Accepted, Accepted, Completed, <EOS>",3
1-533449912,"<BOS>, Accepted, Queued, Accepted, Accepted, Accepted, Completed, <EOS>",6
1-533851634,"<BOS>, Accepted, Queued, Accepted, Accepted, Accepted, Completed, <EOS>",6
1-534020390,"<BOS>, Accepted, Accepted, Accepted, Accepted, Completed, <EOS>",5
1-534493180,"<BOS>, Accepted, Accepted, Accepted, Accepted, Completed, <EOS>",5
1-534702904,"<BOS>, Accepted, Accepted, Completed, <EOS>",3
1-535052125,"<BOS>, Accepted, Accepted, Accepted, Queued, Accepted, Queued, Accepted, Queued, Accepted, Queued, Accepted, Accepted, Accepted, Completed, <EOS>",14
1-535233659,"<BOS>, Accepted, Queued, Accepted, Accepted, Accepted, Completed, <EOS>",6
1-535393553,"<BOS>, Accepted, Completed, <EOS>",2
1-535418135,"<BOS>, Accepted, Accepted, Accepted, Accepted, Completed, <EOS>",5
1-535439201,"<BOS>, Accepted, Accepted, Completed, <EOS>",3
1-535813109,"<BOS>, Accepted, Completed, <EOS>",2
1-535813203,"<BOS>, Accepted, Completed, <EOS>",2
1-535813236,"<BOS>, Accepted, Completed, <EOS>",2
1-535813278,"<BOS>, Accepted, Completed, <EOS>",2
1-535813300,"<BOS>, Accepted, Completed, <EOS>",2
1-535813432,"<BOS>, Accepted, Completed, <EOS>",2
1-535813517,"<BOS>, Accepted, Completed, <EOS>",2
1-535813813,"<BOS>, Accepted, Completed, <EOS>",2
1-536299706,"<BOS>, Accepted, Queued, Accepted, Accepted, Queued, Accepted, Accepted, Queued, Queued, Accepted, Accepted, Accepted, Completed, <EOS>",13
1-536904633,"<BOS>, Accepted, Completed, <EOS>",2
1-537169872,"<BOS>, Accepted, Queued, Accepted, Queued, Accepted, Accepted, Completed, <EOS>",7
1-537311033,"<BOS>, Queued, Accepted, Completed, <EOS>",3
1-537601770,"<BOS>, Accepted, Queued, Accepted, Accepted, Completed, <EOS>",5
1-537902763,"<BOS>, Accepted, Completed, <EOS>",2
1-537984625,"<BOS>, Accepted, Queued, Accepted, Completed, <EOS>",4
1-538109148,"<BOS>, Accepted, Accepted, Accepted, Accepted, Accepted, Accepted, Completed, <EOS>",7
1-538226806,"<BOS>, Accepted, Completed, <EOS>",2
1-538297321,"<BOS>, Accepted, Queued, Accepted, Accepted, Accepted, Completed, <EOS>",6
1-538411483,"<BOS>, Accepted, Accepted, Accepted, Completed, <EOS>",4
1-538467021,"<BOS>, Accepted, Queued, Accepted, Accepted, Completed, <EOS>",5
1-539000895,"<BOS>, Accepted, Completed, <EOS>",2
1-539083171,"<BOS>, Accepted, Accepted, Completed, <EOS>",3
1-539633138,"<BOS>, Accepted, Queued, Accepted, Accepted, Accepted, Completed, <EOS>",6
1-539752329,"<BOS>, Accepted, Accepted, Accepted, Completed, <EOS>",4
1-539805130,"<BOS>, Accepted, Accepted, Completed, <EOS>",3
1-540408651,"<BOS>, Accepted, Queued, Accepted, Accepted, Accepted, Completed, <EOS>",6
1-540500545,"<BOS>, Accepted, Accepted, Completed, <EOS>",3
1-540531611,"<BOS>, Accepted, Accepted, Accepted, Completed, <EOS>",4
1-540549141,"<BOS>, Accepted, Accepted, Accepted, Accepted, Accepted, Completed, <EOS>",6
1-540549178,"<BOS>, Accepted, Accepted, Accepted, Accepted, Completed, <EOS>",5
1-540549229,"<BOS>, Accepted, Accepted, Accepted, Accepted, Completed, <EOS>",5
1-540631861,"<BOS>, Accepted, Queued, Queued, Accepted, Accepted, Accepted, Accepted, Accepted, Accepted, Accepted, Completed, <EOS>",11
1-540723633,"<BOS>, Accepted, Queued, Accepted, Accepted, Accepted, Completed, <EOS>",6
1-540904745,"<BOS>, Accepted, Queued, Accepted, Accepted, Accepted, Completed, <EOS>",6
1-540947390,"<BOS>, Accepted, Queued, Accepted, Accepted, Completed, <EOS>",5
1-541028557,"<BOS>, Accepted, Queued, Accepted, Accepted, Accepted, Completed, <EOS>",6
1-541088014,"<BOS>, Accepted, Accepted, Accepted, Completed, <EOS>",4
1-541565290,"<BOS>, Accepted, Queued, Accepted, Accepted, Accepted, Completed, <EOS>",6
1-541566505,"<BOS>, Accepted, Queued, Accepted, Accepted, Accepted, Completed, <EOS>",6
1-541655216,"<BOS>, Accepted, Queued, Accepted, Accepted, Accepted, Completed, <EOS>",6
1-541686305,"<BOS>, Accepted, Queued, Accepted, Accepted, Accepted, Completed, <EOS>",6
1-542027112,"<BOS>, Accepted, Accepted, Accepted, Accepted, Accepted, Accepted, Completed, <EOS>",7
1-542568265,"<BOS>, Accepted, Accepted, Queued, Accepted, Accepted, Accepted, Accepted, Accepted, Completed, <EOS>",9
1-542919207,"<BOS>, Accepted, Queued, Queued, Accepted, Completed, <EOS>",5
1-542940765,"<BOS>, Accepted, Accepted, Queued, Accepted, Accepted, Accepted, Queued, Accepted, Accepted, Completed, <EOS>",10
1-543227320,"<BOS>, Accepted, Queued, Accepted, Accepted, Accepted, Accepted, Accepted, Completed, <EOS>",8
1-543300099,"<BOS>, Accepted, Accepted, Accepted, Accepted, Completed, <EOS>",5
1-543653631,"<BOS>, Accepted, Accepted, Accepted, Accepted, Accepted, Accepted, Completed, <EOS>",7
1-544020953,"<BOS>, Accepted, Accepted, Accepted, Accepted, Accepted, Accepted, Accepted, Accepted, Completed, <EOS>",9
1-544200884,"<BOS>, Accepted, Accepted, Completed, <EOS>",3
1-544527205,"<BOS>, Accepted, Accepted, Completed, <EOS>",3
1-544595401,"<BOS>, Accepted, Queued, Accepted, Accepted, Completed, <EOS>",5
1-544876956,"<BOS>, Accepted, Accepted, Completed, <EOS>",3
1-545370610,"<BOS>, Accepted, Queued, Accepted, Accepted, Queued, Accepted, Accepted, Accepted, Queued, Accepted, Completed, <EOS>",11
1-545738536,"<BOS>, Accepted, Accepted, Accepted, Accepted, Completed, <EOS>",5
1-545911672,"<BOS>, Accepted, Queued, Accepted, Queued, Accepted, Accepted, Completed, <EOS>",7
1-546272906,"<BOS>, Accepted, Accepted, Accepted, Accepted, Completed, <EOS>",5
1-546692981,"<BOS>, Accepted, Completed, <EOS>",2
1-546693092,"<BOS>, Accepted, Completed, <EOS>",2
1-546838031,"<BOS>, Accepted, Accepted, Queued, Accepted, Queued, Accepted, Accepted, Completed, <EOS>",8
1-547539001,"<BOS>, Accepted, Completed, <EOS>",2
1-547617088,"<BOS>, Accepted, Accepted, Accepted, Accepted, Completed, <EOS>",5
1-547802271,"<BOS>, Accepted, Completed, <EOS>",2
1-548188531,"<BOS>, Accepted, Completed, <EOS>",2
1-548188557,"<BOS>, Accepted, Completed, <EOS>",2
1-548188833,"<BOS>, Accepted, Completed, <EOS>",2
1-549431982,"<BOS>, Accepted, Queued, Accepted, Accepted, Completed, <EOS>",5
1-550036329,"<BOS>, Accepted, Queued, Queued, Accepted, Accepted, Accepted, Accepted, Completed, <EOS>",8
1-550159631,"<BOS>, Accepted, Accepted, Accepted, Accepted, Completed, <EOS>",5
1-550577363,"<BOS>, Accepted, Accepted, Accepted, Accepted, Completed, <EOS>",5
1-550611848,"<BOS>, Accepted, Completed, <EOS>",2
1-553276916,"<BOS>, Accepted, Completed, Accepted, Accepted, Completed, <EOS>",5
1-555105571,"<BOS>, Accepted, Queued, Accepted, Accepted, Accepted, Completed, <EOS>",6
1-557618809,"<BOS>, Accepted, Completed, <EOS>",2
1-557739965,"<BOS>, Accepted, Accepted, Completed, <EOS>",3
1-560246371,"<BOS>, Accepted, Accepted, Queued, Accepted, Accepted, Completed, <EOS>",6
1-560404489,"<BOS>, Accepted, Queued, Accepted, Queued, Accepted, Accepted, Accepted, Accepted, Accepted, Accepted, Accepted, Queued, Accepted, Accepted, Completed, <EOS>",15
1-560418897,"<BOS>, Accepted, Queued, Accepted, Accepted, Accepted, Completed, <EOS>",6
1-560419045,"<BOS>, Accepted, Queued, Accepted, Accepted, Accepted, Completed, <EOS>",6
1-560504546,"<BOS>, Accepted, Queued, Accepted, Accepted, Accepted, Accepted, Accepted, Completed, <EOS>",8
1-560703011,"<BOS>, Accepted, Accepted, Completed, <EOS>",3
1-561068081,"<BOS>, Accepted, Completed, <EOS>",2
1-561190012,"<BOS>, Accepted, Queued, Accepted, Accepted, Accepted, Completed, <EOS>",6
1-562022682,"<BOS>, Accepted, Queued, Accepted, Accepted, Accepted, Completed, <EOS>",6
1-562778111,"<BOS>, Queued, Queued, Accepted, Completed, <EOS>",4
1-562807927,"<BOS>, Accepted, Accepted, Accepted, Completed, <EOS>",4
1-563156866,"<BOS>, Accepted, Accepted, Completed, <EOS>",3
1-563156881,"<BOS>, Accepted, Accepted, Completed, <EOS>",3
1-563477371,"<BOS>, Accepted, Queued, Accepted, Accepted, Queued, Accepted, Queued, Accepted, Queued, Accepted, Accepted, Completed, <EOS>",12
1-563779807,"<BOS>, Accepted, Accepted, Accepted, Accepted, Accepted, Completed, <EOS>",6
1-564311006,"<BOS>, Accepted, Queued, Accepted, Accepted, Accepted, Completed, <EOS>",6
1-564433915,"<BOS>, Accepted, Queued, Accepted, Accepted, Completed, <EOS>",5
1-564528496,"<BOS>, Accepted, Queued, Accepted, Accepted, Accepted, Completed, <EOS>",6
1-564738994,"<BOS>, Accepted, Accepted, Accepted, Completed, <EOS>",4
1-564903210,"<BOS>, Accepted, Queued, Accepted, Accepted, Accepted, Completed, <EOS>",6
1-565030154,"<BOS>, Accepted, Completed, <EOS>",2
1-565319816,"<BOS>, Accepted, Completed, <EOS>",2
1-565807612,"<BOS>, Accepted, Accepted, Accepted, Accepted, Accepted, Accepted, Completed, <EOS>",7
1-565905115,"<BOS>, Accepted, Accepted, Completed, <EOS>",3
1-566003511,"<BOS>, Accepted, Queued, Accepted, Completed, <EOS>",4
1-566096602,"<BOS>, Accepted, Queued, Accepted, Completed, <EOS>",4
1-566101203,"<BOS>, Accepted, Completed, <EOS>",2
1-566332021,"<BOS>, Accepted, Queued, Accepted, Accepted, Accepted, Completed, <EOS>",6
1-566642468,"<BOS>, Accepted, Queued, Accepted, Accepted, Accepted, Completed, <EOS>",6
1-566661201,"<BOS>, Accepted, Accepted, Completed, <EOS>",3
1-567100387,"<BOS>, Accepted, Completed, <EOS>",2
1-567362335,"<BOS>, Accepted, Accepted, Completed, <EOS>",3
1-567440922,"<BOS>, Accepted, Queued, Accepted, Accepted, Accepted, Completed, <EOS>",6
1-567718361,"<BOS>, Accepted, Completed, <EOS>",2
1-567958551,"<BOS>, Accepted, Accepted, Completed, <EOS>",3
1-567981735,"<BOS>, Accepted, Queued, Accepted, Accepted, Accepted, Completed, <EOS>",6
1-572078531,"<BOS>, Accepted, Queued, Accepted, Queued, Accepted, Accepted, Accepted, Completed, <EOS>",8
1-572330175,"<BOS>, Accepted, Queued, Queued, Queued, Accepted, Completed, <EOS>",6
1-572625937,"<BOS>, Accepted, Queued, Accepted, Accepted, Accepted, Completed, <EOS>",6
1-572730349,"<BOS>, Accepted, Accepted, Accepted, Accepted, Completed, <EOS>",5
1-572802327,"<BOS>, Accepted, Queued, Accepted, Completed, <EOS>",4
1-573215995,"<BOS>, Accepted, Accepted, Accepted, Accepted, Completed, <EOS>",5
1-573278049,"<BOS>, Accepted, Accepted, Completed, <EOS>",3
1-573280988,"<BOS>, Accepted, Completed, <EOS>",2
1-573316263,"<BOS>, Accepted, Queued, Accepted, Accepted, Completed, <EOS>",5
1-573501251,"<BOS>, Accepted, Accepted, Queued, Accepted, Accepted, Accepted, Completed, <EOS>",7
1-573639367,"<BOS>, Accepted, Queued, Accepted, Accepted, Accepted, Completed, <EOS>",6
1-573655864,"<BOS>, Accepted, Queued, Accepted, Accepted, Accepted, Completed, <EOS>",6
1-573830584,"<BOS>, Accepted, Accepted, Accepted, Accepted, Accepted, Accepted, Accepted, Accepted, Completed, <EOS>",9
1-573904126,"<BOS>, Accepted, Queued, Accepted, Completed, <EOS>",4
1-574045461,"<BOS>, Accepted, Completed, <EOS>",2
1-574052419,"<BOS>, Accepted, Queued, Accepted, Completed, <EOS>",4
1-574132549,"<BOS>, Accepted, Queued, Accepted, Accepted, Accepted, Completed, <EOS>",6
1-574162627,"<BOS>, Accepted, Queued, Accepted, Accepted, Accepted, Completed, <EOS>",6
1-574222268,"<BOS>, Accepted, Accepted, Accepted, Accepted, Accepted, Accepted, Accepted, Completed, <EOS>",8
1-574271413,"<BOS>, Accepted, Queued, Accepted, Accepted, Accepted, Completed, <EOS>",6
1-574466092,"<BOS>, Accepted, Queued, Accepted, Queued, Accepted, Accepted, Queued, Accepted, Accepted, Completed, <EOS>",10
1-574623837,"<BOS>, Accepted, Accepted, Accepted, Completed, <EOS>",4
1-574663931,"<BOS>, Accepted, Completed, Accepted, Accepted, Completed, <EOS>",5
1-575690736,"<BOS>, Accepted, Accepted, Accepted, Completed, <EOS>",4
1-576186189,"<BOS>, Accepted, Accepted, Accepted, Completed, <EOS>",4
1-576423636,"<BOS>, Accepted, Accepted, Completed, <EOS>",3
1-576667260,"<BOS>, Accepted, Queued, Queued, Accepted, Accepted, Accepted, Completed, <EOS>",7
1-576807766,"<BOS>, Accepted, Accepted, Completed, <EOS>",3
1-576881364,"<BOS>, Accepted, Completed, <EOS>",2
1-576934735,"<BOS>, Accepted, Completed, <EOS>",2
1-576984464,"<BOS>, Accepted, Queued, Queued, Queued, Queued, Accepted, Accepted, Queued, Queued, Queued, Accepted, Accepted, Accepted, Completed, <EOS>",14
1-577196856,"<BOS>, Accepted, Queued, Accepted, Accepted, Accepted, Completed, <EOS>",6
1-577236636,"<BOS>, Accepted, Queued, Accepted, Completed, <EOS>",4
1-577288653,"<BOS>, Accepted, Queued, Accepted, Accepted, Accepted, Completed, <EOS>",6
1-577396354,"<BOS>, Accepted, Queued, Accepted, Accepted, Accepted, Completed, <EOS>",6
1-577685618,"<BOS>, Accepted, Accepted, Completed, <EOS>",3
1-577737791,"<BOS>, Queued, Accepted, Queued, Accepted, Accepted, Accepted, Accepted, Accepted, Completed, <EOS>",9
1-577834779,"<BOS>, Accepted, Accepted, Completed, <EOS>",3
1-577996886,"<BOS>, Accepted, Queued, Queued, Queued, Queued, Queued, Accepted, Accepted, Queued, Accepted, Accepted, Completed, <EOS>",12
1-578105842,"<BOS>, Accepted, Queued, Accepted, Queued, Queued, Accepted, Completed, <EOS>",7
1-578252937,"<BOS>, Accepted, Completed, <EOS>",2
1-578579972,"<BOS>, Accepted, Completed, <EOS>",2
1-578598959,"<BOS>, Accepted, Accepted, Queued, Accepted, Completed, <EOS>",5
1-578612825,"<BOS>, Accepted, Queued, Accepted, Completed, <EOS>",4
1-578612990,"<BOS>, Accepted, Accepted, Queued, Accepted, Accepted, Accepted, Completed, <EOS>",7
1-578686199,"<BOS>, Accepted, Completed, <EOS>",2
1-578831063,"<BOS>, Accepted, Queued, Accepted, Accepted, Accepted, Completed, <EOS>",6
1-579078207,"<BOS>, Accepted, Accepted, Completed, <EOS>",3
1-579211624,"<BOS>, Accepted, Queued, Accepted, Accepted, Accepted, Completed, <EOS>",6
1-579250167,"<BOS>, Accepted, Accepted, Completed, <EOS>",3
1-579369463,"<BOS>, Accepted, Queued, Accepted, Accepted, Accepted, Completed, <EOS>",6
1-579425746,"<BOS>, Accepted, Queued, Accepted, Accepted, Queued, Accepted, Queued, Accepted, Accepted, Accepted, Accepted, Queued, Accepted, Accepted, Completed, <EOS>",15
1-579425846,"<BOS>, Accepted, Queued, Queued, Accepted, Accepted, Completed, <EOS>",6
1-579517011,"<BOS>, Accepted, Accepted, Completed, <EOS>",3
1-579636429,"<BOS>, Accepted, Completed, <EOS>",2
1-580296643,"<BOS>, Accepted, Accepted, Accepted, Completed, <EOS>",4
1-580325905,"<BOS>, Accepted, Completed, <EOS>",2
1-580358285,"<BOS>, Accepted, Queued, Accepted, Accepted, Accepted, Completed, <EOS>",6
1-580385263,"<BOS>, Accepted, Queued, Accepted, Accepted, Accepted, Completed, <EOS>",6
1-580464971,"<BOS>, Accepted, Queued, Accepted, Queued, Accepted, Accepted, Accepted, Completed, <EOS>",8
1-580981634,"<BOS>, Accepted, Completed, <EOS>",2
1-581652169,"<BOS>, Accepted, Completed, <EOS>",2
1-581740771,"<BOS>, Accepted, Completed, <EOS>",2
1-581815727,"<BOS>, Accepted, Queued, Accepted, Accepted, Completed, <EOS>",5
1-581898739,"<BOS>, Accepted, Queued, Accepted, Queued, Accepted, Accepted, Queued, Accepted, Queued, Accepted, Completed, Accepted, Accepted, Accepted, Completed, <EOS>",15
1-582296121,"<BOS>, Accepted, Completed, <EOS>",2
1-582401721,"<BOS>, Accepted, Accepted, Completed, <EOS>",3
1-583171096,"<BOS>, Accepted, Queued, Accepted, Accepted, Accepted, Completed, <EOS>",6
1-583931536,"<BOS>, Accepted, Completed, <EOS>",2
1-583944596,"<BOS>, Accepted, Accepted, Completed, <EOS>",3
1-584047671,"<BOS>, Accepted, Accepted, Completed, <EOS>",3
1-584612205,"<BOS>, Accepted, Accepted, Accepted, Accepted, Completed, <EOS>",5
1-584754762,"<BOS>, Accepted, Completed, <EOS>",2
1-584776062,"<BOS>, Accepted, Accepted, Completed, <EOS>",3
1-584812041,"<BOS>, Accepted, Accepted, Accepted, Accepted, Completed, <EOS>",5
1-584828902,"<BOS>, Accepted, Completed, <EOS>",2
1-584861543,"<BOS>, Accepted, Accepted, Queued, Accepted, Completed, <EOS>",5
1-584938329,"<BOS>, Accepted, Accepted, Accepted, Accepted, Completed, <EOS>",5
1-585459725,"<BOS>, Accepted, Accepted, Accepted, Accepted, Accepted, Completed, <EOS>",6
1-585467875,"<BOS>, Accepted, Accepted, Completed, <EOS>",3
1-585469859,"<BOS>, Accepted, Accepted, Completed, Accepted, Queued, Queued, Accepted, Accepted, Accepted, Queued, Queued, Accepted, Completed, <EOS>",13
1-585714932,"<BOS>, Accepted, Queued, Accepted, Accepted, Accepted, Accepted, Completed, <EOS>",7
1-586382001,"<BOS>, Accepted, Completed, <EOS>",2
1-586382068,"<BOS>, Accepted, Completed, <EOS>",2
1-586562664,"<BOS>, Accepted, Queued, Accepted, Accepted, Accepted, Accepted, Accepted, Completed, <EOS>",8
1-587038802,"<BOS>, Accepted, Queued, Accepted, Accepted, Accepted, Completed, <EOS>",6
1-587058585,"<BOS>, Accepted, Completed, <EOS>",2
1-587337285,"<BOS>, Accepted, Completed, <EOS>",2
1-587337305,"<BOS>, Accepted, Completed, <EOS>",2
1-587383007,"<BOS>, Accepted, Completed, <EOS>",2
1-588543315,"<BOS>, Accepted, Completed, <EOS>",2
1-588566574,"<BOS>, Accepted, Accepted, Completed, <EOS>",3
1-588712865,"<BOS>, Accepted, Queued, Queued, Accepted, Accepted, Completed, <EOS>",6
1-589099869,"<BOS>, Accepted, Completed, <EOS>",2
1-589370341,"<BOS>, Accepted, Accepted, Queued, Accepted, Accepted, Accepted, Completed, <EOS>",7
1-589421537,"<BOS>, Accepted, Completed, <EOS>",2
1-589962550,"<BOS>, Accepted, Completed, <EOS>",2
1-589999547,"<BOS>, Accepted, Completed, Accepted, Queued, Accepted, Completed, <EOS>",6
1-590262446,"<BOS>, Queued, Accepted, Queued, Accepted, Accepted, Completed, <EOS>",6
1-590574771,"<BOS>, Queued, Accepted, Completed, Accepted, Completed, <EOS>",5
1-590579544,"<BOS>, Accepted, Completed, <EOS>",2
1-591301260,"<BOS>, Accepted, Completed, <EOS>",2
1-591508928,"<BOS>, Accepted, Queued, Accepted, Accepted, Accepted, Completed, <EOS>",6
1-591627183,"<BOS>, Accepted, Queued, Accepted, Completed, <EOS>",4
1-591627239,"<BOS>, Accepted, Queued, Accepted, Completed, <EOS>",4
1-592064699,"<BOS>, Accepted, Completed, <EOS>",2
1-592390567,"<BOS>, Accepted, Accepted, Accepted, Accepted, Accepted, Completed, <EOS>",6
1-593022132,"<BOS>, Accepted, Completed, <EOS>",2
1-593022224,"<BOS>, Accepted, Completed, <EOS>",2
1-593032661,"<BOS>, Accepted, Queued, Accepted, Completed, <EOS>",4
1-593312167,"<BOS>, Accepted, Accepted, Accepted, Completed, <EOS>",4
1-593431551,"<BOS>, Accepted, Accepted, Accepted, Completed, <EOS>",4
1-593751721,"<BOS>, Accepted, Completed, <EOS>",2
1-593933571,"<BOS>, Accepted, Completed, <EOS>",2
1-594093101,"<BOS>, Accepted, Accepted, Accepted, Queued, Queued, Accepted, Completed, <EOS>",7
1-594472343,"<BOS>, Accepted, Accepted, Accepted, Completed, <EOS>",4
1-594666837,"<BOS>, Accepted, Completed, <EOS>",2
1-594673056,"<BOS>, Accepted, Completed, <EOS>",2
1-594693527,"<BOS>, Accepted, Completed, <EOS>",2
1-595293983,"<BOS>, Queued, Accepted, Completed, Accepted, Completed, <EOS>",5
1-595361681,"<BOS>, Accepted, Completed, <EOS>",2
1-595687232,"<BOS>, Accepted, Accepted, Accepted, Accepted, Completed, <EOS>",5
1-596251950,"<BOS>, Accepted, Accepted, Accepted, Completed, <EOS>",4
1-596286562,"<BOS>, Accepted, Completed, <EOS>",2
1-596290771,"<BOS>, Accepted, Accepted, Accepted, Accepted, Completed, <EOS>",5
1-596331167,"<BOS>, Accepted, Queued, Accepted, Accepted, Completed, <EOS>",5
1-596580941,"<BOS>, Accepted, Queued, Accepted, Accepted, Accepted, Completed, <EOS>",6
1-596608752,"<BOS>, Accepted, Accepted, Completed, <EOS>",3
1-596676011,"<BOS>, Queued, Accepted, Completed, <EOS>",3
1-596815491,"<BOS>, Accepted, Completed, <EOS>",2
1-597231167,"<BOS>, Accepted, Accepted, Accepted, Accepted, Queued, Accepted, Completed, <EOS>",7
1-597285812,"<BOS>, Accepted, Accepted, Accepted, Completed, <EOS>",4
1-597580752,"<BOS>, Accepted, Accepted, Accepted, Accepted, Completed, <EOS>",5
1-597616526,"<BOS>, Accepted, Completed, <EOS>",2
1-598583993,"<BOS>, Accepted, Queued, Accepted, Completed, <EOS>",4
1-599074651,"<BOS>, Accepted, Accepted, Completed, <EOS>",3
1-599157751,"<BOS>, Accepted, Queued, Accepted, Queued, Accepted, Completed, <EOS>",6
1-599157997,"<BOS>, Accepted, Queued, Accepted, Accepted, Accepted, Completed, <EOS>",6
1-599158067,"<BOS>, Accepted, Queued, Accepted, Accepted, Completed, <EOS>",5
1-599352141,"<BOS>, Accepted, Completed, <EOS>",2
1-599517681,"<BOS>, Accepted, Accepted, Accepted, Completed, <EOS>",4
1-599586617,"<BOS>, Accepted, Queued, Accepted, Completed, <EOS>",4
1-599626401,"<BOS>, Queued, Accepted, Accepted, Completed, <EOS>",4
1-600432558,"<BOS>, Accepted, Accepted, Accepted, Completed, <EOS>",4
1-600506847,"<BOS>, Accepted, Queued, Accepted, Queued, Queued, Accepted, Accepted, Queued, Accepted, Queued, Accepted, Accepted, Queued, Accepted, Completed, <EOS>",15
1-600663061,"<BOS>, Accepted, Queued, Accepted, Completed, <EOS>",4
1-600873076,"<BOS>, Accepted, Completed, <EOS>",2
1-601289432,"<BOS>, Accepted, Accepted, Accepted, Completed, <EOS>",4
1-601400851,"<BOS>, Accepted, Queued, Accepted, Queued, Accepted, Completed, <EOS>",6
1-601433623,"<BOS>, Accepted, Completed, <EOS>",2
1-601636752,"<BOS>, Accepted, Completed, <EOS>",2
1-601819090,"<BOS>, Accepted, Accepted, Accepted, Accepted, Completed, <EOS>",5
1-602316021,"<BOS>, Accepted, Accepted, Accepted, Completed, <EOS>",4
1-602316067,"<BOS>, Accepted, Accepted, Accepted, Completed, <EOS>",4
1-602316153,"<BOS>, Accepted, Queued, Accepted, Accepted, Completed, <EOS>",5
1-602316201,"<BOS>, Accepted, Completed, <EOS>",2
1-602316215,"<BOS>, Accepted, Accepted, Completed, <EOS>",3
1-602316249,"<BOS>, Accepted, Completed, <EOS>",2
1-602396115,"<BOS>, Accepted, Accepted, Completed, <EOS>",3
1-602464818,"<BOS>, Accepted, Completed, <EOS>",2
1-602870173,"<BOS>, Accepted, Queued, Accepted, Queued, Accepted, Accepted, Accepted, Queued, Accepted, Accepted, Accepted, Completed, Accepted, Queued, Accepted, Accepted, Queued, Accepted, Completed, <EOS>",19
1-603537274,"<BOS>, Accepted, Accepted, Accepted, Accepted, Accepted, Completed, <EOS>",6
1-603563148,"<BOS>, Accepted, Completed, <EOS>",2
1-603708003,"<BOS>, Accepted, Completed, <EOS>",2
1-603798757,"<BOS>, Accepted, Completed, <EOS>",2
1-604432843,"<BOS>, Accepted, Completed, <EOS>",2
1-604432860,"<BOS>, Accepted, Completed, <EOS>",2
1-604432887,"<BOS>, Accepted, Completed, <EOS>",2
1-604604928,"<BOS>, Accepted, Accepted, Completed, <EOS>",3
1-604645912,"<BOS>, Accepted, Queued, Accepted, Queued, Accepted, Accepted, Completed, <EOS>",7
1-604646378,"<BOS>, Accepted, Completed, <EOS>",2
1-604882241,"<BOS>, Accepted, Queued, Accepted, Queued, Accepted, Queued, Accepted, Completed, <EOS>",8
1-605029866,"<BOS>, Accepted, Accepted, Completed, <EOS>",3
1-605034229,"<BOS>, Accepted, Accepted, Completed, <EOS>",3
1-605184371,"<BOS>, Accepted, Accepted, Accepted, Accepted, Accepted, Accepted, Completed, <EOS>",7
1-605279637,"<BOS>, Accepted, Completed, <EOS>",2
1-605728578,"<BOS>, Accepted, Accepted, Completed, <EOS>",3
1-606068287,"<BOS>, Accepted, Queued, Queued, Queued, Accepted, Accepted, Completed, <EOS>",7
1-606441115,"<BOS>, Accepted, Accepted, Completed, <EOS>",3
1-606724483,"<BOS>, Accepted, Queued, Accepted, Accepted, Completed, <EOS>",5
1-606829317,"<BOS>, Accepted, Queued, Accepted, Completed, <EOS>",4
1-606971198,"<BOS>, Accepted, Accepted, Accepted, Accepted, Accepted, Completed, <EOS>",6
1-607158761,"<BOS>, Accepted, Accepted, Queued, Accepted, Completed, <EOS>",5
1-607520800,"<BOS>, Accepted, Accepted, Completed, <EOS>",3
1-607840637,"<BOS>, Accepted, Completed, <EOS>",2
1-607934151,"<BOS>, Accepted, Completed, <EOS>",2
1-608010054,"<BOS>, Accepted, Queued, Accepted, Completed, <EOS>",4
1-608036754,"<BOS>, Queued, Queued, Accepted, Accepted, Accepted, Completed, <EOS>",6
1-608735919,"<BOS>, Accepted, Accepted, Accepted, Completed, <EOS>",4
1-609011164,"<BOS>, Accepted, Queued, Accepted, Completed, <EOS>",4
1-609700424,"<BOS>, Accepted, Accepted, Accepted, Completed, <EOS>",4
1-611506787,"<BOS>, Accepted, Accepted, Completed, <EOS>",3
1-611582327,"<BOS>, Accepted, Completed, <EOS>",2
1-611582394,"<BOS>, Accepted, Completed, <EOS>",2
1-611605221,"<BOS>, Accepted, Accepted, Completed, <EOS>",3
1-611632212,"<BOS>, Accepted, Accepted, Accepted, Completed, <EOS>",4
1-611637278,"<BOS>, Accepted, Completed, <EOS>",2
1-611651603,"<BOS>, Accepted, Accepted, Accepted, Completed, <EOS>",4
1-612515539,"<BOS>, Accepted, Queued, Accepted, Queued, Accepted, Accepted, Completed, <EOS>",7
1-613033122,"<BOS>, Accepted, Accepted, Accepted, Completed, <EOS>",4
1-613364032,"<BOS>, Accepted, Accepted, Accepted, Queued, Accepted, Queued, Accepted, Completed, <EOS>",8
1-613412559,"<BOS>, Accepted, Completed, <EOS>",2
1-613496066,"<BOS>, Accepted, Queued, Accepted, Accepted, Completed, <EOS>",5
1-613740745,"<BOS>, Accepted, Completed, <EOS>",2
1-614378697,"<BOS>, Accepted, Queued, Accepted, Completed, <EOS>",4
1-614378787,"<BOS>, Accepted, Queued, Accepted, Completed, <EOS>",4
1-614451236,"<BOS>, Accepted, Completed, <EOS>",2
1-615224713,"<BOS>, Accepted, Completed, <EOS>",2
1-615905511,"<BOS>, Accepted, Accepted, Completed, <EOS>",3
1-616014042,"<BOS>, Accepted, Completed, <EOS>",2
1-616211466,"<BOS>, Accepted, Accepted, Queued, Queued, Accepted, Accepted, Accepted, Completed, <EOS>",8
1-616288482,"<BOS>, Accepted, Accepted, Accepted, Accepted, Accepted, Accepted, Completed, <EOS>",7
1-616409083,"<BOS>, Accepted, Completed, Accepted, Completed, <EOS>",4
1-616977258,"<BOS>, Accepted, Accepted, Accepted, Completed, <EOS>",4
1-616993936,"<BOS>, Accepted, Queued, Accepted, Queued, Accepted, Completed, <EOS>",6
1-617042441,"<BOS>, Accepted, Queued, Accepted, Queued, Accepted, Accepted, Accepted, Completed, <EOS>",8
1-617049384,"<BOS>, Accepted, Completed, <EOS>",2
1-617084616,"<BOS>, Accepted, Accepted, Completed, <EOS>",3
1-617356985,"<BOS>, Accepted, Completed, Accepted, Accepted, Queued, Accepted, Completed, <EOS>",7
1-617389027,"<BOS>, Accepted, Accepted, Completed, <EOS>",3
1-617470131,"<BOS>, Accepted, Accepted, Queued, Accepted, Accepted, Accepted, Completed, <EOS>",7
1-617696569,"<BOS>, Accepted, Completed, Accepted, Completed, Accepted, Completed, <EOS>",6
1-618041243,"<BOS>, Accepted, Queued, Accepted, Accepted, Completed, <EOS>",5
1-618041343,"<BOS>, Accepted, Queued, Accepted, Queued, Accepted, Completed, <EOS>",6
1-618116069,"<BOS>, Accepted, Queued, Accepted, Accepted, Completed, <EOS>",5
1-618143224,"<BOS>, Accepted, Queued, Accepted, Accepted, Completed, <EOS>",5
1-618170625,"<BOS>, Accepted, Accepted, Accepted, Completed, <EOS>",4
1-618171180,"<BOS>, Accepted, Accepted, Completed, <EOS>",3
1-618283927,"<BOS>, Accepted, Accepted, Completed, <EOS>",3
1-618350811,"<BOS>, Accepted, Accepted, Accepted, Accepted, Accepted, Accepted, Accepted, Accepted, Accepted, Accepted, Accepted, Accepted, Accepted, Accepted, Accepted, Accepted, Accepted, Accepted, Accepted, Accepted, Queued, Accepted, Queued, Accepted, Accepted, Queued, Accepted, Accepted, Queued, Queued, Accepted, Queued, Accepted, Accepted, Completed, <EOS>",35
1-618589528,"<BOS>, Accepted, Accepted, Accepted, Accepted, Completed, <EOS>",5
1-618620384,"<BOS>, Accepted, Completed, <EOS>",2
1-618764275,"<BOS>, Accepted, Accepted, Accepted, Accepted, Accepted, Accepted, Accepted, Completed, <EOS>",8
1-618859631,"<BOS>, Accepted, Queued, Accepted, Accepted, Queued, Accepted, Completed, Accepted, Completed, <EOS>",9
1-618883006,"<BOS>, Accepted, Queued, Accepted, Queued, Accepted, Completed, <EOS>",6
1-619053302,"<BOS>, Accepted, Queued, Accepted, Accepted, Accepted, Accepted, Accepted, Accepted, Completed, <EOS>",9
1-619067777,"<BOS>, Accepted, Queued, Accepted, Accepted, Accepted, Completed, <EOS>",6
1-619087129,"<BOS>, Accepted, Completed, <EOS>",2
1-619109941,"<BOS>, Accepted, Queued, Accepted, Queued, Accepted, Queued, Accepted, Accepted, Queued, Accepted, Queued, Accepted, Queued, Accepted, Accepted, Accepted, Accepted, Completed, <EOS>",18
1-619146141,"<BOS>, Queued, Accepted, Queued, Accepted, Accepted, Accepted, Completed, <EOS>",7
1-619175501,"<BOS>, Accepted, Accepted, Completed, <EOS>",3
1-619201265,"<BOS>, Accepted, Accepted, Accepted, Completed, <EOS>",4
1-619232031,"<BOS>, Accepted, Accepted, Completed, <EOS>",3
1-619254483,"<BOS>, Accepted, Completed, <EOS>",2
1-619550849,"<BOS>, Accepted, Queued, Accepted, Queued, Accepted, Accepted, Queued, Accepted, Accepted, Completed, <EOS>",10
1-619575181,"<BOS>, Accepted, Completed, Accepted, Completed, <EOS>",4
1-619589599,"<BOS>, Queued, Accepted, Queued, Accepted, Accepted, Accepted, Queued, Accepted, Queued, Accepted, Completed, <EOS>",11
1-619684455,"<BOS>, Accepted, Completed, <EOS>",2
1-619699161,"<BOS>, Accepted, Queued, Accepted, Completed, Accepted, Accepted, Accepted, Accepted, Completed, <EOS>",9
1-619719949,"<BOS>, Accepted, Queued, Queued, Accepted, Queued, Accepted, Completed, <EOS>",7
1-619767065,"<BOS>, Accepted, Accepted, Completed, <EOS>",3
1-619857642,"<BOS>, Accepted, Accepted, Completed, <EOS>",3
1-620015297,"<BOS>, Accepted, Completed, <EOS>",2
1-620074564,"<BOS>, Accepted, Completed, <EOS>",2
1-620430705,"<BOS>, Accepted, Completed, <EOS>",2
1-620432583,"<BOS>, Accepted, Queued, Accepted, Accepted, Accepted, Completed, <EOS>",6
1-620483711,"<BOS>, Accepted, Queued, Accepted, Queued, Accepted, Accepted, Completed, <EOS>",7
1-620572095,"<BOS>, Accepted, Completed, <EOS>",2
1-620584677,"<BOS>, Accepted, Accepted, Accepted, Completed, <EOS>",4
1-620656965,"<BOS>, Accepted, Completed, <EOS>",2
1-620705595,"<BOS>, Accepted, Completed, <EOS>",2
1-620857518,"<BOS>, Accepted, Completed, <EOS>",2
1-620925267,"<BOS>, Accepted, Accepted, Accepted, Accepted, Completed, <EOS>",5
1-621023087,"<BOS>, Accepted, Completed, <EOS>",2
1-621039603,"<BOS>, Accepted, Completed, <EOS>",2
1-621061021,"<BOS>, Accepted, Accepted, Queued, Accepted, Accepted, Completed, <EOS>",6
1-621311061,"<BOS>, Accepted, Completed, Accepted, Accepted, Completed, Accepted, Completed, Accepted, Completed, <EOS>",9
1-621322866,"<BOS>, Accepted, Completed, <EOS>",2
1-621369891,"<BOS>, Accepted, Completed, <EOS>",2
1-621393223,"<BOS>, Accepted, Queued, Queued, Accepted, Accepted, Queued, Accepted, Completed, <EOS>",8
1-621571462,"<BOS>, Accepted, Completed, <EOS>",2
1-622154016,"<BOS>, Accepted, Accepted, Accepted, Queued, Accepted, Queued, Accepted, Accepted, Accepted, Queued, Accepted, Accepted, Accepted, Accepted, Queued, Accepted, Completed, <EOS>",17
1-622156083,"<BOS>, Accepted, Queued, Accepted, Accepted, Completed, <EOS>",5
1-622295317,"<BOS>, Accepted, Accepted, Completed, <EOS>",3
1-622618613,"<BOS>, Accepted, Queued, Accepted, Accepted, Completed, <EOS>",5
1-622630582,"<BOS>, Accepted, Accepted, Completed, <EOS>",3
1-622652886,"<BOS>, Accepted, Completed, <EOS>",2
1-622783644,"<BOS>, Accepted, Accepted, Accepted, Completed, <EOS>",4
1-622806196,"<BOS>, Accepted, Accepted, Accepted, Completed, <EOS>",4
1-622847448,"<BOS>, Accepted, Accepted, Accepted, Completed, <EOS>",4
1-622856843,"<BOS>, Accepted, Completed, <EOS>",2
1-622874191,"<BOS>, Accepted, Accepted, Completed, <EOS>",3
1-622884303,"<BOS>, Accepted, Accepted, Completed, <EOS>",3
1-622940906,"<BOS>, Accepted, Accepted, Completed, <EOS>",3
1-623152702,"<BOS>, Accepted, Completed, <EOS>",2
1-623336818,"<BOS>, Accepted, Completed, <EOS>",2
1-623354971,"<BOS>, Accepted, Accepted, Accepted, Completed, <EOS>",4
1-623520821,"<BOS>, Accepted, Accepted, Accepted, Accepted, Accepted, Accepted, Completed, <EOS>",7
1-623521280,"<BOS>, Accepted, Accepted, Accepted, Completed, <EOS>",4
1-623626713,"<BOS>, Accepted, Accepted, Accepted, Accepted, Completed, <EOS>",5
1-623792185,"<BOS>, Accepted, Queued, Accepted, Queued, Accepted, Accepted, Accepted, Completed, <EOS>",8
1-623859845,"<BOS>, Accepted, Completed, <EOS>",2
1-623873811,"<BOS>, Accepted, Queued, Accepted, Queued, Accepted, Completed, Accepted, Accepted, Accepted, Completed, Accepted, Accepted, Completed, <EOS>",13
1-624009613,"<BOS>, Accepted, Completed, <EOS>",2
1-624219528,"<BOS>, Accepted, Completed, <EOS>",2
1-624305845,"<BOS>, Queued, Accepted, Completed, <EOS>",3
1-624403918,"<BOS>, Accepted, Accepted, Queued, Accepted, Queued, Accepted, Accepted, Accepted, Completed, Accepted, Completed, <EOS>",11
1-624450715,"<BOS>, Accepted, Accepted, Completed, <EOS>",3
1-624711258,"<BOS>, Accepted, Queued, Accepted, Completed, <EOS>",4
1-624745314,"<BOS>, Accepted, Completed, <EOS>",2
1-624845426,"<BOS>, Accepted, Queued, Accepted, Completed, <EOS>",4
1-625322174,"<BOS>, Accepted, Queued, Accepted, Accepted, Completed, <EOS>",5
1-625459293,"<BOS>, Accepted, Queued, Accepted, Accepted, Completed, <EOS>",5
1-625628532,"<BOS>, Accepted, Completed, <EOS>",2
1-625634702,"<BOS>, Accepted, Accepted, Completed, <EOS>",3
1-625634824,"<BOS>, Accepted, Accepted, Completed, <EOS>",3
1-625634936,"<BOS>, Accepted, Accepted, Completed, <EOS>",3
1-625646775,"<BOS>, Accepted, Completed, <EOS>",2
1-626102521,"<BOS>, Accepted, Completed, <EOS>",2
1-626212681,"<BOS>, Accepted, Accepted, Accepted, Completed, <EOS>",4
1-626292231,"<BOS>, Accepted, Accepted, Accepted, Completed, Accepted, Completed, <EOS>",6
1-626462354,"<BOS>, Accepted, Accepted, Completed, <EOS>",3
1-626510640,"<BOS>, Accepted, Accepted, Accepted, Accepted, Accepted, Accepted, Accepted, Completed, <EOS>",8
1-626515794,"<BOS>, Accepted, Accepted, Accepted, Accepted, Completed, <EOS>",5
1-626760391,"<BOS>, Accepted, Accepted, Completed, <EOS>",3
1-626834451,"<BOS>, Accepted, Accepted, Completed, <EOS>",3
1-627163101,"<BOS>, Accepted, Accepted, Accepted, Accepted, Accepted, Completed, <EOS>",6
1-627190551,"<BOS>, Accepted, Completed, Accepted, Accepted, Accepted, Accepted, Completed, <EOS>",7
1-627336700,"<BOS>, Accepted, Accepted, Accepted, Completed, <EOS>",4
1-627337013,"<BOS>, Accepted, Accepted, Completed, <EOS>",3
1-627532005,"<BOS>, Accepted, Accepted, Accepted, Completed, <EOS>",4
1-627557462,"<BOS>, Accepted, Accepted, Completed, <EOS>",3
1-627630611,"<BOS>, Accepted, Queued, Accepted, Completed, <EOS>",4
1-627878397,"<BOS>, Accepted, Accepted, Completed, <EOS>",3
1-627936524,"<BOS>, Accepted, Completed, <EOS>",2
1-627980711,"<BOS>, Accepted, Completed, <EOS>",2
1-628078553,"<BOS>, Accepted, Completed, <EOS>",2
1-628105478,"<BOS>, Accepted, Accepted, Accepted, Completed, <EOS>",4
1-628203323,"<BOS>, Accepted, Accepted, Accepted, Accepted, Accepted, Accepted, Completed, <EOS>",7
1-628222366,"<BOS>, Accepted, Completed, <EOS>",2
1-628255780,"<BOS>, Accepted, Completed, <EOS>",2
1-628669941,"<BOS>, Accepted, Completed, <EOS>",2
1-628704675,"<BOS>, Accepted, Queued, Accepted, Queued, Accepted, Completed, <EOS>",6
1-629618537,"<BOS>, Accepted, Accepted, Accepted, Completed, <EOS>",4
1-629629428,"<BOS>, Accepted, Accepted, Accepted, Completed, <EOS>",4
1-629642635,"<BOS>, Accepted, Accepted, Accepted, Accepted, Completed, <EOS>",5
1-629991273,"<BOS>, Accepted, Accepted, Completed, <EOS>",3
1-630156753,"<BOS>, Accepted, Queued, Accepted, Completed, <EOS>",4
1-630493188,"<BOS>, Accepted, Completed, <EOS>",2
1-631001113,"<BOS>, Accepted, Completed, <EOS>",2
1-631117870,"<BOS>, Accepted, Accepted, Accepted, Queued, Accepted, Accepted, Queued, Accepted, Completed, <EOS>",9
1-631509503,"<BOS>, Accepted, Completed, <EOS>",2
1-632486751,"<BOS>, Accepted, Accepted, Accepted, Completed, <EOS>",4
1-633036453,"<BOS>, Accepted, Queued, Accepted, Completed, <EOS>",4
1-633092732,"<BOS>, Accepted, Accepted, Completed, <EOS>",3
1-633184307,"<BOS>, Accepted, Completed, <EOS>",2
1-634447637,"<BOS>, Accepted, Accepted, Accepted, Completed, <EOS>",4
1-634479154,"<BOS>, Accepted, Completed, <EOS>",2
1-634487640,"<BOS>, Accepted, Completed, <EOS>",2
1-634506651,"<BOS>, Accepted, Completed, <EOS>",2
1-634533656,"<BOS>, Accepted, Completed, <EOS>",2
1-635351501,"<BOS>, Accepted, Completed, <EOS>",2
1-635382525,"<BOS>, Accepted, Completed, <EOS>",2
1-635404161,"<BOS>, Accepted, Accepted, Completed, <EOS>",3
1-636080278,"<BOS>, Accepted, Queued, Accepted, Queued, Queued, Accepted, Queued, Accepted, Queued, Accepted, Completed, <EOS>",11
1-636102195,"<BOS>, Accepted, Accepted, Queued, Accepted, Accepted, Completed, <EOS>",6
1-636501102,"<BOS>, Accepted, Completed, <EOS>",2
1-636789520,"<BOS>, Accepted, Completed, <EOS>",2
1-636849620,"<BOS>, Accepted, Accepted, Accepted, Accepted, Completed, <EOS>",5
1-636852199,"<BOS>, Accepted, Accepted, Accepted, Completed, <EOS>",4
1-636867758,"<BOS>, Accepted, Completed, <EOS>",2
1-636931254,"<BOS>, Accepted, Accepted, Accepted, Queued, Accepted, Queued, Accepted, Completed, Accepted, Queued, Accepted, Accepted, Completed, Accepted, Accepted, Accepted, Completed, Accepted, Completed, <EOS>",19
1-637035141,"<BOS>, Accepted, Completed, <EOS>",2
1-637059802,"<BOS>, Accepted, Completed, <EOS>",2
1-637089310,"<BOS>, Accepted, Accepted, Accepted, Accepted, Completed, Accepted, Completed, <EOS>",7
1-637142120,"<BOS>, Accepted, Completed, <EOS>",2
1-637222863,"<BOS>, Accepted, Accepted, Queued, Accepted, Completed, <EOS>",5
1-637283508,"<BOS>, Accepted, Queued, Accepted, Completed, <EOS>",4
1-637307494,"<BOS>, Queued, Accepted, Completed, <EOS>",3
1-637327254,"<BOS>, Accepted, Completed, <EOS>",2
1-637516103,"<BOS>, Accepted, Queued, Accepted, Completed, <EOS>",4
1-637580967,"<BOS>, Accepted, Accepted, Completed, <EOS>",3
1-637591141,"<BOS>, Accepted, Completed, <EOS>",2
1-637685994,"<BOS>, Accepted, Completed, Accepted, Completed, <EOS>",4
1-637713545,"<BOS>, Accepted, Queued, Accepted, Accepted, Completed, <EOS>",5
1-637713651,"<BOS>, Accepted, Completed, <EOS>",2
1-637716645,"<BOS>, Accepted, Completed, <EOS>",2
1-637893062,"<BOS>, Accepted, Accepted, Accepted, Completed, <EOS>",4
1-637954950,"<BOS>, Accepted, Completed, <EOS>",2
1-638034021,"<BOS>, Accepted, Completed, <EOS>",2
1-638041299,"<BOS>, Accepted, Completed, <EOS>",2
1-638091067,"<BOS>, Accepted, Completed, Accepted, Accepted, Queued, Accepted, Accepted, Accepted, Completed, <EOS>",9
1-638112911,"<BOS>, Accepted, Completed, <EOS>",2
1-638653931,"<BOS>, Accepted, Completed, <EOS>",2
1-638961317,"<BOS>, Accepted, Completed, <EOS>",2
1-638962731,"<BOS>, Accepted, Accepted, Accepted, Completed, <EOS>",4
1-639009338,"<BOS>, Accepted, Accepted, Completed, <EOS>",3
1-639028876,"<BOS>, Accepted, Completed, <EOS>",2
1-639870000,"<BOS>, Accepted, Completed, <EOS>",2
1-639881579,"<BOS>, Accepted, Completed, <EOS>",2
1-639930880,"<BOS>, Accepted, Queued, Accepted, Queued, Accepted, Accepted, Completed, <EOS>",7
1-639942581,"<BOS>, Accepted, Accepted, Accepted, Completed, <EOS>",4
1-640059801,"<BOS>, Accepted, Completed, <EOS>",2
1-640093069,"<BOS>, Accepted, Queued, Accepted, Completed, Accepted, Queued, Accepted, Completed, <EOS>",8
1-640254885,"<BOS>, Accepted, Queued, Accepted, Completed, Accepted, Completed, <EOS>",6
1-640263496,"<BOS>, Accepted, Completed, <EOS>",2
1-640387614,"<BOS>, Accepted, Accepted, Queued, Accepted, Completed, Accepted, Queued, Accepted, Accepted, Completed, <EOS>",10
1-641023492,"<BOS>, Accepted, Completed, <EOS>",2
1-641044311,"<BOS>, Accepted, Accepted, Completed, <EOS>",3
1-641083751,"<BOS>, Accepted, Accepted, Accepted, Completed, <EOS>",4
1-641083987,"<BOS>, Accepted, Accepted, Accepted, Completed, <EOS>",4
1-641100891,"<BOS>, Accepted, Completed, <EOS>",2
1-641104060,"<BOS>, Accepted, Queued, Accepted, Completed, <EOS>",4
1-641157962,"<BOS>, Accepted, Completed, <EOS>",2
1-641232069,"<BOS>, Accepted, Queued, Accepted, Queued, Accepted, Accepted, Completed, <EOS>",7
1-641243011,"<BOS>, Accepted, Accepted, Accepted, Accepted, Accepted, Completed, <EOS>",6
1-641306231,"<BOS>, Accepted, Completed, <EOS>",2
1-641323677,"<BOS>, Accepted, Accepted, Accepted, Completed, <EOS>",4
1-641491883,"<BOS>, Accepted, Completed, <EOS>",2
1-641530471,"<BOS>, Queued, Accepted, Queued, Accepted, Completed, <EOS>",5
1-642418588,"<BOS>, Accepted, Completed, <EOS>",2
1-642478708,"<BOS>, Accepted, Completed, <EOS>",2
1-642579219,"<BOS>, Accepted, Accepted, Queued, Accepted, Accepted, Completed, <EOS>",6
1-642761240,"<BOS>, Accepted, Completed, <EOS>",2
1-642766943,"<BOS>, Accepted, Accepted, Accepted, Completed, <EOS>",4
1-642802641,"<BOS>, Accepted, Accepted, Accepted, Accepted, Completed, <EOS>",5
1-642846054,"<BOS>, Accepted, Accepted, Completed, <EOS>",3
1-643444986,"<BOS>, Accepted, Queued, Accepted, Completed, <EOS>",4
1-643445547,"<BOS>, Accepted, Completed, <EOS>",2
1-643468705,"<BOS>, Accepted, Completed, Accepted, Completed, <EOS>",4
1-643532122,"<BOS>, Accepted, Completed, <EOS>",2
1-643556695,"<BOS>, Accepted, Completed, <EOS>",2
1-643685369,"<BOS>, Accepted, Accepted, Accepted, Completed, <EOS>",4
1-643685396,"<BOS>, Accepted, Completed, Accepted, Completed, Accepted, Completed, <EOS>",6
1-643706642,"<BOS>, Accepted, Accepted, Completed, <EOS>",3
1-643747498,"<BOS>, Accepted, Completed, <EOS>",2
1-643809664,"<BOS>, Accepted, Queued, Accepted, Accepted, Accepted, Queued, Accepted, Accepted, Completed, <EOS>",9
1-644748889,"<BOS>, Accepted, Completed, <EOS>",2
1-644827840,"<BOS>, Accepted, Completed, <EOS>",2
1-644992956,"<BOS>, Accepted, Accepted, Accepted, Completed, <EOS>",4
1-647796802,"<BOS>, Accepted, Accepted, Accepted, Accepted, Completed, <EOS>",5
1-647802297,"<BOS>, Accepted, Completed, <EOS>",2
1-647841758,"<BOS>, Accepted, Completed, Accepted, Queued, Accepted, Completed, <EOS>",6
1-647929267,"<BOS>, Accepted, Completed, <EOS>",2
1-648105181,"<BOS>, Accepted, Accepted, Completed, <EOS>",3
1-648231508,"<BOS>, Accepted, Completed, <EOS>",2
1-648497601,"<BOS>, Accepted, Queued, Accepted, Completed, <EOS>",4
1-648807492,"<BOS>, Accepted, Completed, <EOS>",2
1-648839266,"<BOS>, Accepted, Completed, <EOS>",2
1-648861744,"<BOS>, Accepted, Completed, <EOS>",2
1-649302225,"<BOS>, Accepted, Completed, <EOS>",2
1-649302263,"<BOS>, Accepted, Completed, <EOS>",2
1-649887393,"<BOS>, Accepted, Completed, <EOS>",2
1-649984202,"<BOS>, Accepted, Completed, <EOS>",2
1-650008427,"<BOS>, Accepted, Completed, <EOS>",2
1-650011031,"<BOS>, Accepted, Completed, <EOS>",2
1-650025535,"<BOS>, Accepted, Completed, Accepted, Completed, <EOS>",4
1-650081295,"<BOS>, Accepted, Accepted, Accepted, Accepted, Completed, <EOS>",5
1-650123293,"<BOS>, Accepted, Accepted, Accepted, Completed, <EOS>",4
1-650135511,"<BOS>, Accepted, Completed, <EOS>",2
1-650241321,"<BOS>, Accepted, Completed, <EOS>",2
1-650243662,"<BOS>, Accepted, Accepted, Accepted, Completed, <EOS>",4
1-650892393,"<BOS>, Accepted, Completed, <EOS>",2
1-651084211,"<BOS>, Accepted, Completed, <EOS>",2
1-651096273,"<BOS>, Accepted, Completed, <EOS>",2
1-651206715,"<BOS>, Accepted, Completed, <EOS>",2
1-651398271,"<BOS>, Accepted, Queued, Accepted, Completed, <EOS>",4
1-651922251,"<BOS>, Accepted, Completed, <EOS>",2
1-651922470,"<BOS>, Accepted, Completed, <EOS>",2
1-651922594,"<BOS>, Accepted, Completed, <EOS>",2
1-651951532,"<BOS>, Accepted, Completed, <EOS>",2
1-652112015,"<BOS>, Accepted, Queued, Queued, Accepted, Queued, Accepted, Completed, <EOS>",7
1-652195634,"<BOS>, Accepted, Queued, Accepted, Queued, Accepted, Queued, Accepted, Queued, Queued, Accepted, Queued, Accepted, Completed, <EOS>",13
1-652259831,"<BOS>, Accepted, Completed, <EOS>",2
1-652270498,"<BOS>, Accepted, Completed, <EOS>",2
1-652874271,"<BOS>, Accepted, Completed, <EOS>",2
1-652925445,"<BOS>, Accepted, Completed, <EOS>",2
1-652935537,"<BOS>, Accepted, Completed, <EOS>",2
1-653135006,"<BOS>, Accepted, Accepted, Completed, <EOS>",3
1-653254236,"<BOS>, Accepted, Accepted, Completed, <EOS>",3
1-653314473,"<BOS>, Queued, Accepted, Completed, <EOS>",3
1-653878594,"<BOS>, Accepted, Completed, <EOS>",2
1-653988751,"<BOS>, Accepted, Accepted, Completed, <EOS>",3
1-653989471,"<BOS>, Accepted, Queued, Accepted, Queued, Accepted, Queued, Accepted, Queued, Accepted, Accepted, Completed, <EOS>",11
1-654056225,"<BOS>, Accepted, Completed, Accepted, Completed, Accepted, Completed, Accepted, Completed, <EOS>",8
1-654146231,"<BOS>, Queued, Accepted, Completed, <EOS>",3
1-654348241,"<BOS>, Accepted, Accepted, Completed, <EOS>",3
1-654369162,"<BOS>, Accepted, Completed, <EOS>",2
1-654403938,"<BOS>, Accepted, Queued, Queued, Queued, Accepted, Completed, <EOS>",6
1-655213351,"<BOS>, Accepted, Accepted, Completed, <EOS>",3
1-655235043,"<BOS>, Accepted, Accepted, Accepted, Completed, Accepted, Accepted, Completed, <EOS>",7
1-655379467,"<BOS>, Accepted, Completed, <EOS>",2
1-655429981,"<BOS>, Accepted, Completed, <EOS>",2
1-655536176,"<BOS>, Accepted, Completed, <EOS>",2
1-655607132,"<BOS>, Accepted, Accepted, Completed, <EOS>",3
1-655719611,"<BOS>, Accepted, Completed, <EOS>",2
1-655739451,"<BOS>, Accepted, Completed, <EOS>",2
1-656151409,"<BOS>, Accepted, Accepted, Accepted, Completed, <EOS>",4
1-656224707,"<BOS>, Accepted, Completed, <EOS>",2
1-656225465,"<BOS>, Accepted, Queued, Accepted, Completed, <EOS>",4
1-656510751,"<BOS>, Accepted, Completed, Accepted, Completed, <EOS>",4
1-656868426,"<BOS>, Accepted, Accepted, Accepted, Completed, <EOS>",4
1-657063150,"<BOS>, Accepted, Queued, Accepted, Queued, Accepted, Accepted, Queued, Accepted, Accepted, Accepted, Accepted, Completed, <EOS>",12
1-657163590,"<BOS>, Accepted, Accepted, Completed, <EOS>",3
1-657368644,"<BOS>, Accepted, Completed, <EOS>",2
1-657412381,"<BOS>, Queued, Accepted, Completed, Accepted, Completed, <EOS>",5
1-657534681,"<BOS>, Accepted, Completed, <EOS>",2
1-657768145,"<BOS>, Accepted, Accepted, Completed, <EOS>",3
1-657874936,"<BOS>, Accepted, Accepted, Completed, <EOS>",3
1-657934265,"<BOS>, Accepted, Completed, <EOS>",2
1-658022616,"<BOS>, Accepted, Completed, <EOS>",2
1-658063672,"<BOS>, Accepted, Accepted, Completed, <EOS>",3
1-658092528,"<BOS>, Accepted, Completed, <EOS>",2
1-658125909,"<BOS>, Accepted, Completed, <EOS>",2
1-658259614,"<BOS>, Accepted, Completed, <EOS>",2
1-658537939,"<BOS>, Accepted, Accepted, Completed, <EOS>",3
1-658594692,"<BOS>, Accepted, Accepted, Completed, <EOS>",3
1-658627294,"<BOS>, Accepted, Accepted, Completed, <EOS>",3
1-658627419,"<BOS>, Accepted, Accepted, Completed, <EOS>",3
1-658792860,"<BOS>, Accepted, Accepted, Completed, <EOS>",3
1-659137375,"<BOS>, Accepted, Accepted, Completed, <EOS>",3
1-659170761,"<BOS>, Accepted, Completed, <EOS>",2
1-659231191,"<BOS>, Accepted, Completed, <EOS>",2
1-659239126,"<BOS>, Accepted, Accepted, Completed, <EOS>",3
1-659284621,"<BOS>, Accepted, Completed, <EOS>",2
1-659284863,"<BOS>, Accepted, Completed, <EOS>",2
1-659376592,"<BOS>, Accepted, Completed, <EOS>",2
1-659539868,"<BOS>, Accepted, Completed, <EOS>",2
1-659618631,"<BOS>, Accepted, Completed, <EOS>",2
1-659716213,"<BOS>, Queued, Accepted, Completed, <EOS>",3
1-659718901,"<BOS>, Accepted, Accepted, Accepted, Accepted, Completed, <EOS>",5
1-659782951,"<BOS>, Accepted, Completed, <EOS>",2
1-659922661,"<BOS>, Accepted, Queued, Accepted, Accepted, Accepted, Completed, <EOS>",6
1-659934601,"<BOS>, Accepted, Accepted, Accepted, Completed, <EOS>",4
1-660054568,"<BOS>, Accepted, Completed, <EOS>",2
1-660268091,"<BOS>, Accepted, Queued, Accepted, Accepted, Accepted, Completed, Accepted, Queued, Accepted, Completed, Accepted, Completed, <EOS>",12
1-660374694,"<BOS>, Accepted, Accepted, Accepted, Completed, <EOS>",4
1-660393401,"<BOS>, Accepted, Accepted, Completed, <EOS>",3
1-660483225,"<BOS>, Accepted, Completed, <EOS>",2
1-660509893,"<BOS>, Accepted, Queued, Accepted, Completed, <EOS>",4
1-660592931,"<BOS>, Accepted, Completed, <EOS>",2
1-660602952,"<BOS>, Accepted, Completed, <EOS>",2
1-660636558,"<BOS>, Accepted, Accepted, Queued, Accepted, Completed, <EOS>",5
1-660648920,"<BOS>, Accepted, Accepted, Queued, Accepted, Accepted, Queued, Accepted, Accepted, Completed, <EOS>",9
1-660785867,"<BOS>, Accepted, Completed, <EOS>",2
1-660786538,"<BOS>, Accepted, Accepted, Completed, <EOS>",3
1-660808741,"<BOS>, Accepted, Completed, <EOS>",2
1-660873096,"<BOS>, Accepted, Completed, <EOS>",2
1-660903884,"<BOS>, Queued, Accepted, Completed, <EOS>",3
1-660908181,"<BOS>, Accepted, Completed, <EOS>",2
1-660948681,"<BOS>, Accepted, Completed, <EOS>",2
1-660949435,"<BOS>, Accepted, Completed, <EOS>",2
1-660956878,"<BOS>, Accepted, Completed, <EOS>",2
1-661132868,"<BOS>, Accepted, Completed, <EOS>",2
1-661134924,"<BOS>, Accepted, Queued, Accepted, Accepted, Completed, <EOS>",5
1-661184751,"<BOS>, Accepted, Accepted, Accepted, Accepted, Queued, Accepted, Completed, <EOS>",7
1-661231558,"<BOS>, Accepted, Completed, <EOS>",2
1-661706786,"<BOS>, Accepted, Accepted, Completed, <EOS>",3
1-662272981,"<BOS>, Accepted, Accepted, Completed, <EOS>",3
1-662956121,"<BOS>, Accepted, Completed, <EOS>",2
1-663582660,"<BOS>, Accepted, Queued, Accepted, Queued, Accepted, Completed, <EOS>",6
1-663749238,"<BOS>, Accepted, Accepted, Completed, <EOS>",3
1-663851111,"<BOS>, Accepted, Completed, <EOS>",2
1-663891165,"<BOS>, Accepted, Accepted, Accepted, Accepted, Completed, <EOS>",5
1-664001411,"<BOS>, Accepted, Completed, <EOS>",2
1-664579051,"<BOS>, Accepted, Completed, <EOS>",2
1-664730121,"<BOS>, Accepted, Accepted, Completed, <EOS>",3
1-664912261,"<BOS>, Accepted, Completed, <EOS>",2
1-669119156,"<BOS>, Accepted, Accepted, Accepted, Accepted, Queued, Accepted, Accepted, Accepted, Completed, <EOS>",9
1-669144071,"<BOS>, Accepted, Completed, <EOS>",2
1-669202942,"<BOS>, Accepted, Completed, <EOS>",2
1-669804759,"<BOS>, Accepted, Completed, <EOS>",2
1-670052598,"<BOS>, Accepted, Completed, <EOS>",2
1-670754761,"<BOS>, Accepted, Accepted, Queued, Accepted, Accepted, Accepted, Accepted, Completed, Accepted, Completed, Accepted, Completed, <EOS>",12
1-671350354,"<BOS>, Accepted, Completed, <EOS>",2
1-671512033,"<BOS>, Accepted, Completed, <EOS>",2
1-671933304,"<BOS>, Accepted, Accepted, Completed, <EOS>",3
1-672299434,"<BOS>, Accepted, Accepted, Completed, <EOS>",3
1-672506739,"<BOS>, Accepted, Accepted, Queued, Accepted, Queued, Accepted, Completed, <EOS>",7
1-672647650,"<BOS>, Accepted, Completed, <EOS>",2
1-672740630,"<BOS>, Accepted, Accepted, Completed, <EOS>",3
1-672743704,"<BOS>, Accepted, Completed, <EOS>",2
1-672807011,"<BOS>, Accepted, Accepted, Completed, <EOS>",3
1-672860819,"<BOS>, Accepted, Accepted, Completed, <EOS>",3
1-672862385,"<BOS>, Accepted, Queued, Accepted, Queued, Accepted, Completed, <EOS>",6
1-672975080,"<BOS>, Queued, Accepted, Completed, <EOS>",3
1-673056371,"<BOS>, Accepted, Completed, <EOS>",2
1-673143636,"<BOS>, Accepted, Completed, <EOS>",2
1-673151866,"<BOS>, Accepted, Completed, <EOS>",2
1-673197539,"<BOS>, Accepted, Accepted, Completed, <EOS>",3
1-673224718,"<BOS>, Accepted, Queued, Accepted, Accepted, Completed, <EOS>",5
1-673359575,"<BOS>, Accepted, Accepted, Accepted, Accepted, Completed, <EOS>",5
1-673405851,"<BOS>, Accepted, Completed, <EOS>",2
1-673429845,"<BOS>, Accepted, Queued, Queued, Accepted, Completed, <EOS>",5
1-673434441,"<BOS>, Accepted, Completed, <EOS>",2
1-673487817,"<BOS>, Accepted, Accepted, Completed, <EOS>",3
1-675046360,"<BOS>, Accepted, Accepted, Completed, <EOS>",3
1-675115616,"<BOS>, Accepted, Completed, <EOS>",2
1-675150191,"<BOS>, Accepted, Accepted, Accepted, Accepted, Accepted, Accepted, Completed, <EOS>",7
1-675150672,"<BOS>, Accepted, Queued, Accepted, Accepted, Accepted, Completed, <EOS>",6
1-675664904,"<BOS>, Accepted, Completed, <EOS>",2
1-675685459,"<BOS>, Accepted, Accepted, Completed, Accepted, Queued, Accepted, Completed, <EOS>",7
1-675739721,"<BOS>, Accepted, Completed, <EOS>",2
1-675758382,"<BOS>, Accepted, Accepted, Completed, <EOS>",3
1-675758444,"<BOS>, Accepted, Completed, <EOS>",2
1-675797761,"<BOS>, Accepted, Accepted, Completed, Accepted, Queued, Accepted, Completed, <EOS>",7
1-675826063,"<BOS>, Accepted, Queued, Accepted, Accepted, Queued, Accepted, Accepted, Accepted, Queued, Accepted, Accepted, Accepted, Accepted, Completed, <EOS>",14
1-675828021,"<BOS>, Queued, Accepted, Completed, <EOS>",3
1-677811170,"<BOS>, Accepted, Queued, Accepted, Accepted, Queued, Accepted, Accepted, Accepted, Accepted, Accepted, Completed, <EOS>",11
1-678370811,"<BOS>, Accepted, Accepted, Completed, <EOS>",3
1-678626550,"<BOS>, Accepted, Accepted, Completed, <EOS>",3
1-678755621,"<BOS>, Accepted, Queued, Accepted, Accepted, Queued, Accepted, Accepted, Accepted, Completed, <EOS>",9
1-679235759,"<BOS>, Accepted, Completed, <EOS>",2
1-681706381,"<BOS>, Accepted, Completed, <EOS>",2
1-681864502,"<BOS>, Accepted, Accepted, Accepted, Completed, <EOS>",4
1-681929091,"<BOS>, Accepted, Queued, Accepted, Accepted, Accepted, Completed, <EOS>",6
1-682059903,"<BOS>, Accepted, Queued, Accepted, Completed, <EOS>",4
1-682262974,"<BOS>, Accepted, Queued, Accepted, Queued, Accepted, Queued, Accepted, Queued, Accepted, Queued, Accepted, Queued, Accepted, Queued, Accepted, Queued, Accepted, Accepted, Queued, Queued, Accepted, Accepted, Accepted, Accepted, Queued, Queued, Accepted, Completed, <EOS>",28
1-682277823,"<BOS>, Accepted, Completed, <EOS>",2
1-682342767,"<BOS>, Accepted, Queued, Accepted, Completed, <EOS>",4
1-682357851,"<BOS>, Queued, Accepted, Completed, <EOS>",3
1-682409211,"<BOS>, Accepted, Accepted, Completed, <EOS>",3
1-682409241,"<BOS>, Accepted, Accepted, Completed, <EOS>",3
1-683064635,"<BOS>, Accepted, Completed, <EOS>",2
1-683298971,"<BOS>, Accepted, Accepted, Accepted, Completed, <EOS>",4
1-683752875,"<BOS>, Accepted, Queued, Accepted, Accepted, Completed, <EOS>",5
1-684108661,"<BOS>, Accepted, Completed, <EOS>",2
1-684991415,"<BOS>, Accepted, Completed, <EOS>",2
1-685018675,"<BOS>, Accepted, Completed, <EOS>",2
1-685134878,"<BOS>, Queued, Accepted, Queued, Queued, Accepted, Queued, Accepted, Queued, Accepted, Completed, <EOS>",10
1-685300128,"<BOS>, Accepted, Accepted, Completed, <EOS>",3
1-686405886,"<BOS>, Accepted, Accepted, Completed, <EOS>",3
1-686475951,"<BOS>, Accepted, Completed, <EOS>",2
1-686477306,"<BOS>, Accepted, Accepted, Completed, <EOS>",3
1-686531969,"<BOS>, Accepted, Accepted, Queued, Accepted, Completed, Accepted, Completed, Accepted, Completed, <EOS>",9
1-686535660,"<BOS>, Accepted, Completed, <EOS>",2
1-686557724,"<BOS>, Accepted, Accepted, Accepted, Completed, <EOS>",4
1-686581779,"<BOS>, Accepted, Completed, <EOS>",2
1-686642441,"<BOS>, Queued, Accepted, Accepted, Accepted, Accepted, Accepted, Completed, <EOS>",7
1-686642543,"<BOS>, Queued, Accepted, Accepted, Queued, Queued, Accepted, Completed, Accepted, Completed, <EOS>",9
1-686854421,"<BOS>, Accepted, Completed, <EOS>",2
1-686856862,"<BOS>, Accepted, Completed, <EOS>",2
1-686945977,"<BOS>, Accepted, Accepted, Accepted, Completed, <EOS>",4
1-686966285,"<BOS>, Accepted, Accepted, Completed, <EOS>",3
1-687129760,"<BOS>, Accepted, Accepted, Completed, <EOS>",3
1-687133944,"<BOS>, Accepted, Completed, <EOS>",2
1-687309895,"<BOS>, Accepted, Completed, <EOS>",2
1-687587336,"<BOS>, Accepted, Completed, <EOS>",2
1-687589251,"<BOS>, Accepted, Queued, Queued, Accepted, Queued, Accepted, Queued, Accepted, Queued, Accepted, Queued, Accepted, Completed, <EOS>",13
1-687649700,"<BOS>, Accepted, Accepted, Completed, <EOS>",3
1-687668119,"<BOS>, Accepted, Queued, Accepted, Accepted, Accepted, Completed, <EOS>",6
1-687830906,"<BOS>, Accepted, Completed, <EOS>",2
1-688280019,"<BOS>, Accepted, Accepted, Queued, Accepted, Accepted, Accepted, Completed, <EOS>",7
1-688342754,"<BOS>, Accepted, Accepted, Accepted, Completed, <EOS>",4
1-688380091,"<BOS>, Accepted, Accepted, Queued, Accepted, Accepted, Accepted, Accepted, Accepted, Completed, <EOS>",9
1-688491391,"<BOS>, Accepted, Completed, <EOS>",2
1-688509388,"<BOS>, Accepted, Accepted, Completed, <EOS>",3
1-688515611,"<BOS>, Accepted, Accepted, Accepted, Accepted, Completed, <EOS>",5
1-688564654,"<BOS>, Accepted, Completed, <EOS>",2
1-688564824,"<BOS>, Accepted, Accepted, Queued, Accepted, Accepted, Accepted, Completed, <EOS>",7
1-688725917,"<BOS>, Accepted, Queued, Accepted, Accepted, Queued, Accepted, Completed, <EOS>",7
1-689160381,"<BOS>, Accepted, Accepted, Completed, <EOS>",3
1-689176751,"<BOS>, Accepted, Completed, Accepted, Completed, <EOS>",4
1-689252781,"<BOS>, Accepted, Accepted, Completed, <EOS>",3
1-689341321,"<BOS>, Accepted, Completed, <EOS>",2
1-689469104,"<BOS>, Accepted, Queued, Accepted, Queued, Accepted, Queued, Accepted, Queued, Accepted, Completed, <EOS>",10
1-689525975,"<BOS>, Accepted, Accepted, Completed, <EOS>",3
1-690184941,"<BOS>, Accepted, Accepted, Completed, <EOS>",3
1-690190570,"<BOS>, Accepted, Accepted, Completed, <EOS>",3
1-690249637,"<BOS>, Accepted, Completed, <EOS>",2
1-690327801,"<BOS>, Accepted, Completed, <EOS>",2
1-690327837,"<BOS>, Accepted, Completed, Accepted, Completed, <EOS>",4
1-690352118,"<BOS>, Accepted, Completed, <EOS>",2
1-690419865,"<BOS>, Accepted, Accepted, Completed, <EOS>",3
1-690447511,"<BOS>, Queued, Accepted, Accepted, Completed, <EOS>",4
1-690458151,"<BOS>, Accepted, Completed, <EOS>",2
1-690762471,"<BOS>, Queued, Accepted, Queued, Accepted, Completed, <EOS>",5
1-690896014,"<BOS>, Accepted, Completed, <EOS>",2
1-690926911,"<BOS>, Accepted, Completed, <EOS>",2
1-690931471,"<BOS>, Accepted, Queued, Accepted, Completed, <EOS>",4
1-691031201,"<BOS>, Accepted, Completed, <EOS>",2
1-691093464,"<BOS>, Accepted, Completed, Accepted, Queued, Accepted, Queued, Accepted, Completed, <EOS>",8
1-691146566,"<BOS>, Accepted, Completed, <EOS>",2
1-691176158,"<BOS>, Accepted, Completed, <EOS>",2
1-691221687,"<BOS>, Accepted, Accepted, Accepted, Queued, Accepted, Queued, Accepted, Queued, Accepted, Completed, <EOS>",10
1-691767241,"<BOS>, Accepted, Accepted, Completed, <EOS>",3
1-691786096,"<BOS>, Accepted, Queued, Accepted, Accepted, Accepted, Completed, <EOS>",6
1-691786330,"<BOS>, Accepted, Queued, Accepted, Accepted, Completed, <EOS>",5
1-691832225,"<BOS>, Accepted, Completed, <EOS>",2
1-692042197,"<BOS>, Accepted, Accepted, Completed, <EOS>",3
1-692055495,"<BOS>, Accepted, Queued, Accepted, Completed, <EOS>",4
1-692193396,"<BOS>, Accepted, Queued, Accepted, Accepted, Accepted, Completed, <EOS>",6
1-692715494,"<BOS>, Accepted, Completed, <EOS>",2
1-692813576,"<BOS>, Accepted, Accepted, Completed, <EOS>",3
1-692959195,"<BOS>, Accepted, Accepted, Completed, <EOS>",3
1-693343054,"<BOS>, Accepted, Completed, <EOS>",2
1-693357728,"<BOS>, Accepted, Completed, <EOS>",2
1-693456968,"<BOS>, Accepted, Queued, Queued, Accepted, Completed, <EOS>",5
1-693469757,"<BOS>, Accepted, Completed, <EOS>",2
1-693469771,"<BOS>, Accepted, Completed, <EOS>",2
1-693592211,"<BOS>, Accepted, Completed, <EOS>",2
1-693595112,"<BOS>, Accepted, Completed, <EOS>",2
1-693595201,"<BOS>, Accepted, Queued, Accepted, Queued, Accepted, Completed, <EOS>",6
1-693732401,"<BOS>, Accepted, Queued, Accepted, Accepted, Accepted, Accepted, Completed, <EOS>",7
1-693741781,"<BOS>, Accepted, Accepted, Completed, <EOS>",3
1-693748777,"<BOS>, Accepted, Completed, <EOS>",2
1-693789171,"<BOS>, Accepted, Accepted, Completed, Accepted, Completed, <EOS>",5
1-693812929,"<BOS>, Accepted, Accepted, Completed, <EOS>",3
1-693895885,"<BOS>, Accepted, Accepted, Accepted, Completed, <EOS>",4
1-693937519,"<BOS>, Accepted, Completed, <EOS>",2
1-694212171,"<BOS>, Accepted, Completed, <EOS>",2
1-694222066,"<BOS>, Accepted, Queued, Accepted, Queued, Accepted, Accepted, Accepted, Completed, <EOS>",8
1-694338411,"<BOS>, Queued, Accepted, Completed, <EOS>",3
1-694346343,"<BOS>, Accepted, Accepted, Completed, <EOS>",3
1-694354058,"<BOS>, Accepted, Queued, Queued, Accepted, Completed, <EOS>",5
1-694385837,"<BOS>, Accepted, Completed, Accepted, Completed, Accepted, Accepted, Completed, Accepted, Completed, <EOS>",9
1-694420679,"<BOS>, Accepted, Completed, <EOS>",2
1-694464235,"<BOS>, Accepted, Completed, <EOS>",2
1-694509209,"<BOS>, Accepted, Completed, <EOS>",2
1-694597155,"<BOS>, Accepted, Accepted, Accepted, Accepted, Completed, <EOS>",5
